,Name,Gold,Silver,Bronze,Total,Year,Location,NOC,Continents
0,USA United States of America,39,41,33,113,2020,TOKYO,United States of America,North America
1,CHN People's Republic of China,38,32,18,88,2020,TOKYO,People's Republic of China,Asia
2,JPN Japan,27,14,17,58,2020,TOKYO,Japan,Asia
3,GBR Great Britain,22,21,22,65,2020,TOKYO,Great Britain,Europe
4,ROC ROC,20,28,23,71,2020,TOKYO,ROC,Asia
5,AUS Australia,17,7,22,46,2020,TOKYO,Australia,Australia
6,NED Netherlands,10,12,14,36,2020,TOKYO,Netherlands,Europe
7,FRA France,10,12,11,33,2020,TOKYO,France,Europe
8,GER Germany,10,11,16,37,2020,TOKYO,Germany,Europe
9,ITA Italy,10,10,20,40,2020,TOKYO,Italy,Europe
10,CAN Canada,7,6,11,24,2020,TOKYO,Canada,North America
11,BRA Brazil,7,6,8,21,2020,TOKYO,Brazil,South America
12,NZL New Zealand,7,6,7,20,2020,TOKYO,New Zealand,Australia
13,CUB Cuba,7,3,5,15,2020,TOKYO,Cuba,North America
14,HUN Hungary,6,7,7,20,2020,TOKYO,Hungary,Europe
15,KOR Republic of Korea,6,4,10,20,2020,TOKYO,Republic of Korea,Asia
16,POL Poland,4,5,5,14,2020,TOKYO,Poland,Europe
17,CZE Czech Republic,4,4,3,11,2020,TOKYO,Czech Republic,Europe
18,KEN Kenya,4,4,2,10,2020,TOKYO,Kenya,Africa
19,NOR Norway,4,2,2,8,2020,TOKYO,Norway,Europe
20,JAM Jamaica,4,1,4,9,2020,TOKYO,Jamaica,North America
21,ESP Spain,3,8,6,17,2020,TOKYO,Spain,Europe
22,SWE Sweden,3,6,0,9,2020,TOKYO,Sweden,Europe
23,SUI Switzerland,3,4,6,13,2020,TOKYO,Switzerland,Europe
24,DEN Denmark,3,4,4,11,2020,TOKYO,Denmark,Europe
25,CRO Croatia,3,3,2,8,2020,TOKYO,Croatia,Europe
26,IRI Islamic Republic of Iran,3,2,2,7,2020,TOKYO,Islamic Republic of Iran,Asia
27,SRB Serbia,3,1,5,9,2020,TOKYO,Serbia,Europe
28,BEL Belgium,3,1,3,7,2020,TOKYO,Belgium,Europe
29,BUL Bulgaria,3,1,2,6,2020,TOKYO,Bulgaria,Europe
30,SLO Slovenia,3,1,1,5,2020,TOKYO,Slovenia,Europe
31,UZB Uzbekistan,3,0,2,5,2020,TOKYO,Uzbekistan,Asia
32,GEO Georgia,2,5,1,8,2020,TOKYO,Georgia,Asia
33,TPE Chinese Taipei,2,4,6,12,2020,TOKYO,Chinese Taipei,Asia
34,TUR Turkey,2,2,9,13,2020,TOKYO,Turkey,Asia
35,GRE Greece,2,1,1,4,2020,TOKYO,Greece,Europe
36,UGA Uganda,2,1,1,4,2020,TOKYO,Uganda,Africa
37,ECU Ecuador,2,1,0,3,2020,TOKYO,Ecuador,South America
38,ISR Israel,2,0,2,4,2020,TOKYO,Israel,Asia
39,IRL Ireland,2,0,2,4,2020,TOKYO,Ireland,Europe
40,QAT Qatar,2,0,1,3,2020,TOKYO,Qatar,Asia
41,BAH Bahamas,2,0,0,2,2020,TOKYO,Bahamas,North America
42,KOS Kosovo,2,0,0,2,2020,TOKYO,Kosovo,Not Available
43,UKR Ukraine,1,6,12,19,2020,TOKYO,Ukraine,Europe
44,BLR Belarus,1,3,3,7,2020,TOKYO,Belarus,Europe
45,VEN Venezuela,1,3,0,4,2020,TOKYO,Venezuela,South America
46,ROU Romania,1,3,0,4,2020,TOKYO,Romania,Europe
47,IND India,1,2,4,7,2020,TOKYO,India,Asia
48,"HKG Hong Kong, China",1,2,3,6,2020,TOKYO,"Hong Kong, China",Asia
49,SVK Slovakia,1,2,1,4,2020,TOKYO,Slovakia,Europe
50,PHI Philippines,1,2,1,4,2020,TOKYO,Philippines,Asia
51,RSA South Africa,1,2,0,3,2020,TOKYO,South Africa,Africa
52,AUT Austria,1,1,5,7,2020,TOKYO,Austria,Europe
53,EGY Egypt,1,1,4,6,2020,TOKYO,Egypt,Africa
54,INA Indonesia,1,1,3,5,2020,TOKYO,Indonesia,Asia
55,POR Portugal,1,1,2,4,2020,TOKYO,Portugal,Europe
56,ETH Ethiopia,1,1,2,4,2020,TOKYO,Ethiopia,Africa
57,TUN Tunisia,1,1,0,2,2020,TOKYO,Tunisia,Africa
58,FIJ Fiji,1,0,1,2,2020,TOKYO,Fiji,Australia
59,LAT Latvia,1,0,1,2,2020,TOKYO,Latvia,Europe
60,EST Estonia,1,0,1,2,2020,TOKYO,Estonia,Europe
61,THA Thailand,1,0,1,2,2020,TOKYO,Thailand,Asia
62,MAR Morocco,1,0,0,1,2020,TOKYO,Morocco,Africa
63,PUR Puerto Rico,1,0,0,1,2020,TOKYO,Puerto Rico,North America
64,BER Bermuda,1,0,0,1,2020,TOKYO,Bermuda,North America
65,COL Colombia,0,4,1,5,2020,TOKYO,Colombia,South America
66,AZE Azerbaijan,0,3,4,7,2020,TOKYO,Azerbaijan,Asia
67,DOM Dominican Republic,0,3,2,5,2020,TOKYO,Dominican Republic,North America
68,ARM Armenia,0,2,2,4,2020,TOKYO,Armenia,Asia
69,KGZ Kyrgyzstan,0,2,1,3,2020,TOKYO,Kyrgyzstan,Asia
70,MGL Mongolia,0,1,3,4,2020,TOKYO,Mongolia,Asia
71,SMR San Marino,0,1,2,3,2020,TOKYO,San Marino,Europe
72,ARG Argentina,0,1,2,3,2020,TOKYO,Argentina,South America
73,MAS Malaysia,0,1,1,2,2020,TOKYO,Malaysia,Asia
74,NGR Nigeria,0,1,1,2,2020,TOKYO,Nigeria,Africa
75,JOR Jordan,0,1,1,2,2020,TOKYO,Jordan,Asia
76,BRN Bahrain,0,1,0,1,2020,TOKYO,Bahrain,Asia
77,KSA Saudi Arabia,0,1,0,1,2020,TOKYO,Saudi Arabia,Asia
78,LTU Lithuania,0,1,0,1,2020,TOKYO,Lithuania,Europe
79,MKD North Macedonia,0,1,0,1,2020,TOKYO,North Macedonia,Europe
80,NAM Namibia,0,1,0,1,2020,TOKYO,Namibia,Africa
81,TKM Turkmenistan,0,1,0,1,2020,TOKYO,Turkmenistan,Asia
82,KAZ Kazakhstan,0,0,8,8,2020,TOKYO,Kazakhstan,Asia
83,MEX Mexico,0,0,4,4,2020,TOKYO,Mexico,North America
84,FIN Finland,0,0,2,2,2020,TOKYO,Finland,Europe
85,MDA Republic of Moldova,0,0,1,1,2020,TOKYO,Republic of Moldova,Europe
86,GRN Grenada,0,0,1,1,2020,TOKYO,Grenada,North America
87,GHA Ghana,0,0,1,1,2020,TOKYO,Ghana,Africa
88,BUR Burkina Faso,0,0,1,1,2020,TOKYO,Burkina Faso,Africa
89,CIV Côte d'Ivoire,0,0,1,1,2020,TOKYO,Côte d'Ivoire,Africa
90,BOT Botswana,0,0,1,1,2020,TOKYO,Botswana,Africa
91,KUW Kuwait,0,0,1,1,2020,TOKYO,Kuwait,Asia
92,SYR Syrian Arab Republic,0,0,1,1,2020,TOKYO,Syrian Arab Republic,Asia
0,USA United States of America,46,37,38,121,2016,RIO,United States of America,North America
1,GBR Great Britain,27,23,17,67,2016,RIO,Great Britain,Europe
2,CHN People's Republic of China,26,18,26,70,2016,RIO,People's Republic of China,Asia
3,RUS Russian Federation,19,17,20,56,2016,RIO,Russian Federation,Europe
4,GER Germany,17,10,15,42,2016,RIO,Germany,Europe
5,JPN Japan,12,8,21,41,2016,RIO,Japan,Asia
6,FRA France,10,18,14,42,2016,RIO,France,Europe
7,KOR Republic of Korea,9,3,9,21,2016,RIO,Republic of Korea,Asia
8,ITA Italy,8,12,8,28,2016,RIO,Italy,Europe
9,AUS Australia,8,11,10,29,2016,RIO,Australia,Australia
10,NED Netherlands,8,7,4,19,2016,RIO,Netherlands,Europe
11,HUN Hungary,8,3,4,15,2016,RIO,Hungary,Europe
12,BRA Brazil,7,6,6,19,2016,RIO,Brazil,South America
13,ESP Spain,7,4,6,17,2016,RIO,Spain,Europe
14,KEN Kenya,6,6,1,13,2016,RIO,Kenya,Africa
15,JAM Jamaica,6,3,2,11,2016,RIO,Jamaica,North America
16,CRO Croatia,5,3,2,10,2016,RIO,Croatia,Europe
17,CUB Cuba,5,2,4,11,2016,RIO,Cuba,North America
18,NZL New Zealand,4,9,5,18,2016,RIO,New Zealand,Australia
19,CAN Canada,4,3,15,22,2016,RIO,Canada,North America
20,UZB Uzbekistan,4,2,7,13,2016,RIO,Uzbekistan,Asia
21,KAZ Kazakhstan,3,5,10,18,2016,RIO,Kazakhstan,Asia
22,COL Colombia,3,2,3,8,2016,RIO,Colombia,South America
23,SUI Switzerland,3,2,2,7,2016,RIO,Switzerland,Europe
24,IRI Islamic Republic of Iran,3,1,4,8,2016,RIO,Islamic Republic of Iran,Asia
25,GRE Greece,3,1,2,6,2016,RIO,Greece,Europe
26,ARG Argentina,3,1,0,4,2016,RIO,Argentina,South America
27,DEN Denmark,2,6,7,15,2016,RIO,Denmark,Europe
28,SWE Sweden,2,6,3,11,2016,RIO,Sweden,Europe
29,RSA South Africa,2,6,2,10,2016,RIO,South Africa,Africa
30,UKR Ukraine,2,5,4,11,2016,RIO,Ukraine,Europe
31,SRB Serbia,2,4,2,8,2016,RIO,Serbia,Europe
32,POL Poland,2,3,6,11,2016,RIO,Poland,Europe
33,PRK Democratic People's Republic of Korea,2,3,2,7,2016,RIO,Democratic People's Republic of Korea,Asia
34,THA Thailand,2,2,2,6,2016,RIO,Thailand,Asia
35,BEL Belgium,2,2,2,6,2016,RIO,Belgium,Europe
36,SVK Slovakia,2,2,0,4,2016,RIO,Slovakia,Europe
37,GEO Georgia,2,1,4,7,2016,RIO,Georgia,Asia
38,AZE Azerbaijan,1,7,10,18,2016,RIO,Azerbaijan,Asia
39,BLR Belarus,1,4,4,9,2016,RIO,Belarus,Europe
40,TUR Turkey,1,3,4,8,2016,RIO,Turkey,Asia
41,ARM Armenia,1,3,0,4,2016,RIO,Armenia,Asia
42,CZE Czech Republic,1,2,7,10,2016,RIO,Czech Republic,Europe
43,ETH Ethiopia,1,2,5,8,2016,RIO,Ethiopia,Africa
44,SLO Slovenia,1,2,1,4,2016,RIO,Slovenia,Europe
45,INA Indonesia,1,2,0,3,2016,RIO,Indonesia,Asia
46,ROU Romania,1,1,2,4,2016,RIO,Romania,Europe
47,BRN Bahrain,1,1,0,2,2016,RIO,Bahrain,Asia
48,VIE Vietnam,1,1,0,2,2016,RIO,Vietnam,Asia
49,TPE Chinese Taipei,1,0,2,3,2016,RIO,Chinese Taipei,Asia
50,CIV Côte d'Ivoire,1,0,1,2,2016,RIO,Côte d'Ivoire,Africa
51,BAH Bahamas,1,0,1,2,2016,RIO,Bahamas,North America
52,IOA Independent Olympic Athletes,1,0,1,2,2016,RIO,Independent Olympic Athletes,Not Available
53,KOS Kosovo,1,0,0,1,2016,RIO,Kosovo,Not Available
54,PUR Puerto Rico,1,0,0,1,2016,RIO,Puerto Rico,North America
55,TJK Tajikistan,1,0,0,1,2016,RIO,Tajikistan,Asia
56,FIJ Fiji,1,0,0,1,2016,RIO,Fiji,Australia
57,SGP Singapore,1,0,0,1,2016,RIO,Singapore,Asia
58,JOR Jordan,1,0,0,1,2016,RIO,Jordan,Asia
59,MAS Malaysia,0,4,1,5,2016,RIO,Malaysia,Asia
60,MEX Mexico,0,3,2,5,2016,RIO,Mexico,North America
61,VEN Venezuela,0,2,1,3,2016,RIO,Venezuela,South America
62,IRL Ireland,0,2,0,2,2016,RIO,Ireland,Europe
63,ALG Algeria,0,2,0,2,2016,RIO,Algeria,Africa
64,LTU Lithuania,0,1,3,4,2016,RIO,Lithuania,Europe
65,BUL Bulgaria,0,1,2,3,2016,RIO,Bulgaria,Europe
66,IND India,0,1,1,2,2016,RIO,India,Asia
67,MGL Mongolia,0,1,1,2,2016,RIO,Mongolia,Asia
68,BDI Burundi,0,1,0,1,2016,RIO,Burundi,Africa
69,PHI Philippines,0,1,0,1,2016,RIO,Philippines,Asia
70,QAT Qatar,0,1,0,1,2016,RIO,Qatar,Asia
71,GRN Grenada,0,1,0,1,2016,RIO,Grenada,North America
72,NIG Niger,0,1,0,1,2016,RIO,Niger,Africa
73,NOR Norway,0,0,4,4,2016,RIO,Norway,Europe
74,TUN Tunisia,0,0,3,3,2016,RIO,Tunisia,Africa
75,EGY Egypt,0,0,3,3,2016,RIO,Egypt,Africa
76,ISR Israel,0,0,2,2,2016,RIO,Israel,Asia
77,TTO Trinidad and Tobago,0,0,1,1,2016,RIO,Trinidad and Tobago,North America
78,MAR Morocco,0,0,1,1,2016,RIO,Morocco,Africa
79,NGR Nigeria,0,0,1,1,2016,RIO,Nigeria,Africa
80,FIN Finland,0,0,1,1,2016,RIO,Finland,Europe
81,EST Estonia,0,0,1,1,2016,RIO,Estonia,Europe
82,DOM Dominican Republic,0,0,1,1,2016,RIO,Dominican Republic,North America
83,AUT Austria,0,0,1,1,2016,RIO,Austria,Europe
84,UAE United Arab Emirates,0,0,1,1,2016,RIO,United Arab Emirates,Asia
85,POR Portugal,0,0,1,1,2016,RIO,Portugal,Europe
0,USA United States of America,46,28,30,104,2012,LONDON,United States of America,North America
1,CHN People's Republic of China,38,31,22,91,2012,LONDON,People's Republic of China,Asia
2,GBR Great Britain,29,17,19,65,2012,LONDON,Great Britain,Europe
3,RUS Russian Federation,20,19,28,67,2012,LONDON,Russian Federation,Europe
4,KOR Republic of Korea,13,9,8,30,2012,LONDON,Republic of Korea,Asia
5,GER Germany,11,20,13,44,2012,LONDON,Germany,Europe
6,FRA France,11,11,13,35,2012,LONDON,France,Europe
7,AUS Australia,8,15,12,35,2012,LONDON,Australia,Australia
8,ITA Italy,8,9,11,28,2012,LONDON,Italy,Europe
9,HUN Hungary,8,4,6,18,2012,LONDON,Hungary,Europe
10,JPN Japan,7,14,17,38,2012,LONDON,Japan,Asia
11,NED Netherlands,6,6,8,20,2012,LONDON,Netherlands,Europe
12,IRI Islamic Republic of Iran,6,6,1,13,2012,LONDON,Islamic Republic of Iran,Asia
13,NZL New Zealand,6,2,5,13,2012,LONDON,New Zealand,Australia
14,UKR Ukraine,5,4,10,19,2012,LONDON,Ukraine,Europe
15,CUB Cuba,5,3,7,15,2012,LONDON,Cuba,North America
16,ESP Spain,4,10,4,18,2012,LONDON,Spain,Europe
17,JAM Jamaica,4,5,3,12,2012,LONDON,Jamaica,North America
18,CZE Czech Republic,4,3,4,11,2012,LONDON,Czech Republic,Europe
19,RSA South Africa,4,1,1,6,2012,LONDON,South Africa,Africa
20,PRK Democratic People's Republic of Korea,4,0,2,6,2012,LONDON,Democratic People's Republic of Korea,Asia
21,BRA Brazil,3,5,9,17,2012,LONDON,Brazil,South America
22,ETH Ethiopia,3,2,2,7,2012,LONDON,Ethiopia,Africa
23,KAZ Kazakhstan,3,1,7,11,2012,LONDON,Kazakhstan,Asia
24,POL Poland,3,1,7,11,2012,LONDON,Poland,Europe
25,CRO Croatia,3,1,2,6,2012,LONDON,Croatia,Europe
26,CAN Canada,2,5,11,18,2012,LONDON,Canada,North America
27,BLR Belarus,2,5,3,10,2012,LONDON,Belarus,Europe
28,ROU Romania,2,5,2,9,2012,LONDON,Romania,Europe
29,KEN Kenya,2,4,6,12,2012,LONDON,Kenya,Africa
30,DEN Denmark,2,4,3,9,2012,LONDON,Denmark,Europe
31,AZE Azerbaijan,2,2,6,10,2012,LONDON,Azerbaijan,Asia
32,SUI Switzerland,2,2,0,4,2012,LONDON,Switzerland,Europe
33,NOR Norway,2,1,1,4,2012,LONDON,Norway,Europe
34,LTU Lithuania,2,0,3,5,2012,LONDON,Lithuania,Europe
35,TUN Tunisia,2,0,1,3,2012,LONDON,Tunisia,Africa
36,SWE Sweden,1,4,3,8,2012,LONDON,Sweden,Europe
37,MEX Mexico,1,3,4,8,2012,LONDON,Mexico,North America
38,COL Colombia,1,3,4,8,2012,LONDON,Colombia,South America
39,GEO Georgia,1,2,3,6,2012,LONDON,Georgia,Asia
40,IRL Ireland,1,1,4,6,2012,LONDON,Ireland,Europe
41,ARG Argentina,1,1,2,4,2012,LONDON,Argentina,South America
42,SLO Slovenia,1,1,2,4,2012,LONDON,Slovenia,Europe
43,SRB Serbia,1,1,2,4,2012,LONDON,Serbia,Europe
44,TTO Trinidad and Tobago,1,1,2,4,2012,LONDON,Trinidad and Tobago,North America
45,TUR Turkey,1,1,1,3,2012,LONDON,Turkey,Asia
46,DOM Dominican Republic,1,1,0,2,2012,LONDON,Dominican Republic,North America
47,LAT Latvia,1,0,1,2,2012,LONDON,Latvia,Europe
48,TPE Chinese Taipei,1,0,1,2,2012,LONDON,Chinese Taipei,Asia
49,GRN Grenada,1,0,0,1,2012,LONDON,Grenada,North America
50,BRN Bahrain,1,0,0,1,2012,LONDON,Bahrain,Asia
51,VEN Venezuela,1,0,0,1,2012,LONDON,Venezuela,South America
52,ALG Algeria,1,0,0,1,2012,LONDON,Algeria,Africa
53,UGA Uganda,1,0,0,1,2012,LONDON,Uganda,Africa
54,BAH Bahamas,1,0,0,1,2012,LONDON,Bahamas,North America
55,EGY Egypt,0,3,1,4,2012,LONDON,Egypt,Africa
56,IND India,0,2,4,6,2012,LONDON,India,Asia
57,MGL Mongolia,0,2,3,5,2012,LONDON,Mongolia,Asia
58,THA Thailand,0,2,2,4,2012,LONDON,Thailand,Asia
59,BUL Bulgaria,0,2,1,3,2012,LONDON,Bulgaria,Europe
60,FIN Finland,0,2,1,3,2012,LONDON,Finland,Europe
61,INA Indonesia,0,2,1,3,2012,LONDON,Indonesia,Asia
62,SVK Slovakia,0,1,3,4,2012,LONDON,Slovakia,Europe
63,BEL Belgium,0,1,2,3,2012,LONDON,Belgium,Europe
64,PUR Puerto Rico,0,1,1,2,2012,LONDON,Puerto Rico,North America
65,EST Estonia,0,1,1,2,2012,LONDON,Estonia,Europe
66,ARM Armenia,0,1,1,2,2012,LONDON,Armenia,Asia
67,MAS Malaysia,0,1,1,2,2012,LONDON,Malaysia,Asia
68,BOT Botswana,0,1,0,1,2012,LONDON,Botswana,Africa
69,GUA Guatemala,0,1,0,1,2012,LONDON,Guatemala,North America
70,POR Portugal,0,1,0,1,2012,LONDON,Portugal,Europe
71,MNE Montenegro,0,1,0,1,2012,LONDON,Montenegro,Europe
72,GAB Gabon,0,1,0,1,2012,LONDON,Gabon,Africa
73,CYP Cyprus,0,1,0,1,2012,LONDON,Cyprus,Asia
74,QAT Qatar,0,0,2,2,2012,LONDON,Qatar,Asia
75,GRE Greece,0,0,2,2,2012,LONDON,Greece,Europe
76,SGP Singapore,0,0,2,2,2012,LONDON,Singapore,Asia
77,UZB Uzbekistan,0,0,2,2,2012,LONDON,Uzbekistan,Asia
78,KSA Saudi Arabia,0,0,1,1,2012,LONDON,Saudi Arabia,Asia
79,KUW Kuwait,0,0,1,1,2012,LONDON,Kuwait,Asia
80,AFG Afghanistan,0,0,1,1,2012,LONDON,Afghanistan,Asia
81,"HKG Hong Kong, China",0,0,1,1,2012,LONDON,"Hong Kong, China",Asia
82,TJK Tajikistan,0,0,1,1,2012,LONDON,Tajikistan,Asia
83,CMR Cameroon,0,0,1,1,2012,LONDON,Cameroon,Africa
84,MAR Morocco,0,0,1,1,2012,LONDON,Morocco,Africa
0,CHN People's Republic of China,48,22,30,100,2008,BEIJING,People's Republic of China,Asia
1,USA United States of America,36,39,37,112,2008,BEIJING,United States of America,North America
2,RUS Russian Federation,24,13,23,60,2008,BEIJING,Russian Federation,Europe
3,GBR Great Britain,19,13,19,51,2008,BEIJING,Great Britain,Europe
4,GER Germany,16,11,14,41,2008,BEIJING,Germany,Europe
5,AUS Australia,14,15,17,46,2008,BEIJING,Australia,Australia
6,KOR Republic of Korea,13,11,8,32,2008,BEIJING,Republic of Korea,Asia
7,JPN Japan,9,8,8,25,2008,BEIJING,Japan,Asia
8,ITA Italy,8,9,10,27,2008,BEIJING,Italy,Europe
9,FRA France,7,16,20,43,2008,BEIJING,France,Europe
10,NED Netherlands,7,5,4,16,2008,BEIJING,Netherlands,Europe
11,UKR Ukraine,7,4,11,22,2008,BEIJING,Ukraine,Europe
12,KEN Kenya,6,4,6,16,2008,BEIJING,Kenya,Africa
13,ESP Spain,5,11,3,19,2008,BEIJING,Spain,Europe
14,JAM Jamaica,5,4,1,10,2008,BEIJING,Jamaica,North America
15,POL Poland,4,5,2,11,2008,BEIJING,Poland,Europe
16,ETH Ethiopia,4,2,1,7,2008,BEIJING,Ethiopia,Africa
17,ROU Romania,4,1,4,9,2008,BEIJING,Romania,Europe
18,CUB Cuba,3,10,17,30,2008,BEIJING,Cuba,North America
19,CAN Canada,3,9,8,20,2008,BEIJING,Canada,North America
20,HUN Hungary,3,5,2,10,2008,BEIJING,Hungary,Europe
21,NOR Norway,3,5,1,9,2008,BEIJING,Norway,Europe
22,BRA Brazil,3,4,10,17,2008,BEIJING,Brazil,South America
23,BLR Belarus,3,4,7,14,2008,BEIJING,Belarus,Europe
24,CZE Czech Republic,3,3,1,7,2008,BEIJING,Czech Republic,Europe
25,SVK Slovakia,3,3,0,6,2008,BEIJING,Slovakia,Europe
26,NZL New Zealand,3,2,4,9,2008,BEIJING,New Zealand,Australia
27,GEO Georgia,3,2,2,7,2008,BEIJING,Georgia,Asia
28,KAZ Kazakhstan,2,3,4,9,2008,BEIJING,Kazakhstan,Asia
29,DEN Denmark,2,2,3,7,2008,BEIJING,Denmark,Europe
30,THA Thailand,2,2,2,6,2008,BEIJING,Thailand,Asia
31,PRK Democratic People's Republic of Korea,2,2,2,6,2008,BEIJING,Democratic People's Republic of Korea,Asia
32,MGL Mongolia,2,2,0,4,2008,BEIJING,Mongolia,Asia
33,SUI Switzerland,2,1,4,7,2008,BEIJING,Switzerland,Europe
34,ARG Argentina,2,0,4,6,2008,BEIJING,Argentina,South America
35,MEX Mexico,2,0,2,4,2008,BEIJING,Mexico,North America
36,BEL Belgium,2,0,0,2,2008,BEIJING,Belgium,Europe
37,ZIM Zimbabwe,1,3,0,4,2008,BEIJING,Zimbabwe,Africa
38,SLO Slovenia,1,2,2,5,2008,BEIJING,Slovenia,Europe
39,AZE Azerbaijan,1,1,4,6,2008,BEIJING,Azerbaijan,Asia
40,INA Indonesia,1,1,4,6,2008,BEIJING,Indonesia,Asia
41,TUR Turkey,1,1,3,5,2008,BEIJING,Turkey,Asia
42,BUL Bulgaria,1,1,3,5,2008,BEIJING,Bulgaria,Europe
43,FIN Finland,1,1,2,4,2008,BEIJING,Finland,Europe
44,TPE Chinese Taipei,1,1,2,4,2008,BEIJING,Chinese Taipei,Asia
45,LAT Latvia,1,1,1,3,2008,BEIJING,Latvia,Europe
46,EST Estonia,1,1,0,2,2008,BEIJING,Estonia,Europe
47,POR Portugal,1,1,0,2,2008,BEIJING,Portugal,Europe
48,DOM Dominican Republic,1,1,0,2,2008,BEIJING,Dominican Republic,North America
49,TTO Trinidad and Tobago,1,1,0,2,2008,BEIJING,Trinidad and Tobago,North America
50,IND India,1,0,2,3,2008,BEIJING,India,Asia
51,IRI Islamic Republic of Iran,1,0,1,2,2008,BEIJING,Islamic Republic of Iran,Asia
52,CMR Cameroon,1,0,0,1,2008,BEIJING,Cameroon,Africa
53,TUN Tunisia,1,0,0,1,2008,BEIJING,Tunisia,Africa
54,PAN Panama,1,0,0,1,2008,BEIJING,Panama,North America
55,SWE Sweden,0,4,1,5,2008,BEIJING,Sweden,Europe
56,LTU Lithuania,0,3,2,5,2008,BEIJING,Lithuania,Europe
57,NGR Nigeria,0,2,3,5,2008,BEIJING,Nigeria,Africa
58,CRO Croatia,0,2,3,5,2008,BEIJING,Croatia,Europe
59,COL Colombia,0,2,1,3,2008,BEIJING,Colombia,South America
60,GRE Greece,0,2,1,3,2008,BEIJING,Greece,Europe
61,ARM Armenia,0,1,4,5,2008,BEIJING,Armenia,Asia
62,UZB Uzbekistan,0,1,3,4,2008,BEIJING,Uzbekistan,Asia
63,AUT Austria,0,1,2,3,2008,BEIJING,Austria,Europe
64,IRL Ireland,0,1,2,3,2008,BEIJING,Ireland,Europe
65,SRB Serbia,0,1,2,3,2008,BEIJING,Serbia,Europe
66,KGZ Kyrgyzstan,0,1,2,3,2008,BEIJING,Kyrgyzstan,Asia
67,ALG Algeria,0,1,1,2,2008,BEIJING,Algeria,Africa
68,BAH Bahamas,0,1,1,2,2008,BEIJING,Bahamas,North America
69,MAR Morocco,0,1,1,2,2008,BEIJING,Morocco,Africa
70,TJK Tajikistan,0,1,1,2,2008,BEIJING,Tajikistan,Asia
71,CHI Chile,0,1,0,1,2008,BEIJING,Chile,South America
72,MAS Malaysia,0,1,0,1,2008,BEIJING,Malaysia,Asia
73,SUD Sudan,0,1,0,1,2008,BEIJING,Sudan,Africa
74,ECU Ecuador,0,1,0,1,2008,BEIJING,Ecuador,South America
75,VIE Vietnam,0,1,0,1,2008,BEIJING,Vietnam,Asia
76,ISL Iceland,0,1,0,1,2008,BEIJING,Iceland,Europe
77,SGP Singapore,0,1,0,1,2008,BEIJING,Singapore,Asia
78,RSA South Africa,0,1,0,1,2008,BEIJING,South Africa,Africa
79,SAM Samoa,0,1,0,1,2008,BEIJING,Samoa,Australia
80,EGY Egypt,0,0,2,2,2008,BEIJING,Egypt,Africa
81,MDA Republic of Moldova,0,0,1,1,2008,BEIJING,Republic of Moldova,Europe
82,ISR Israel,0,0,1,1,2008,BEIJING,Israel,Asia
83,MRI Mauritius,0,0,1,1,2008,BEIJING,Mauritius,Africa
84,AFG Afghanistan,0,0,1,1,2008,BEIJING,Afghanistan,Asia
85,VEN Venezuela,0,0,1,1,2008,BEIJING,Venezuela,South America
86,TOG Togo,0,0,1,1,2008,BEIJING,Togo,Africa
0,USA United States of America,36,39,26,101,2004,ATHENS,United States of America,North America
1,CHN People's Republic of China,32,17,14,63,2004,ATHENS,People's Republic of China,Asia
2,RUS Russian Federation,28,26,36,90,2004,ATHENS,Russian Federation,Europe
3,AUS Australia,17,16,17,50,2004,ATHENS,Australia,Australia
4,JPN Japan,16,9,12,37,2004,ATHENS,Japan,Asia
5,GER Germany,13,16,20,49,2004,ATHENS,Germany,Europe
6,FRA France,11,9,13,33,2004,ATHENS,France,Europe
7,ITA Italy,10,11,11,32,2004,ATHENS,Italy,Europe
8,KOR Republic of Korea,9,12,9,30,2004,ATHENS,Republic of Korea,Asia
9,GBR Great Britain,9,9,12,30,2004,ATHENS,Great Britain,Europe
10,CUB Cuba,9,7,11,27,2004,ATHENS,Cuba,North America
11,HUN Hungary,8,6,3,17,2004,ATHENS,Hungary,Europe
12,UKR Ukraine,8,5,9,22,2004,ATHENS,Ukraine,Europe
13,ROU Romania,8,5,6,19,2004,ATHENS,Romania,Europe
14,GRE Greece,6,6,4,16,2004,ATHENS,Greece,Europe
15,BRA Brazil,5,2,3,10,2004,ATHENS,Brazil,South America
16,NOR Norway,5,0,1,6,2004,ATHENS,Norway,Europe
17,NED Netherlands,4,9,9,22,2004,ATHENS,Netherlands,Europe
18,SWE Sweden,4,2,1,7,2004,ATHENS,Sweden,Europe
19,ESP Spain,3,11,6,20,2004,ATHENS,Spain,Europe
20,CAN Canada,3,6,3,12,2004,ATHENS,Canada,North America
21,TUR Turkey,3,3,4,10,2004,ATHENS,Turkey,Asia
22,POL Poland,3,2,5,10,2004,ATHENS,Poland,Europe
23,NZL New Zealand,3,2,0,5,2004,ATHENS,New Zealand,Australia
24,THA Thailand,3,1,4,8,2004,ATHENS,Thailand,Asia
25,BLR Belarus,2,5,6,13,2004,ATHENS,Belarus,Europe
26,AUT Austria,2,4,1,7,2004,ATHENS,Austria,Europe
27,ETH Ethiopia,2,3,2,7,2004,ATHENS,Ethiopia,Africa
28,IRI Islamic Republic of Iran,2,2,2,6,2004,ATHENS,Islamic Republic of Iran,Asia
29,SVK Slovakia,2,2,2,6,2004,ATHENS,Slovakia,Europe
30,TPE Chinese Taipei,2,2,1,5,2004,ATHENS,Chinese Taipei,Asia
31,GEO Georgia,2,2,0,4,2004,ATHENS,Georgia,Asia
32,BUL Bulgaria,2,1,9,12,2004,ATHENS,Bulgaria,Europe
33,DEN Denmark,2,1,5,8,2004,ATHENS,Denmark,Europe
34,JAM Jamaica,2,1,2,5,2004,ATHENS,Jamaica,North America
35,UZB Uzbekistan,2,1,2,5,2004,ATHENS,Uzbekistan,Asia
36,MAR Morocco,2,1,0,3,2004,ATHENS,Morocco,Africa
37,ARG Argentina,2,0,4,6,2004,ATHENS,Argentina,South America
38,CHI Chile,2,0,1,3,2004,ATHENS,Chile,South America
39,KAZ Kazakhstan,1,4,3,8,2004,ATHENS,Kazakhstan,Asia
40,KEN Kenya,1,4,2,7,2004,ATHENS,Kenya,Africa
41,CZE Czech Republic,1,3,5,9,2004,ATHENS,Czech Republic,Europe
42,RSA South Africa,1,3,2,6,2004,ATHENS,South Africa,Africa
43,CRO Croatia,1,2,2,5,2004,ATHENS,Croatia,Europe
44,LTU Lithuania,1,2,0,3,2004,ATHENS,Lithuania,Europe
45,SUI Switzerland,1,1,3,5,2004,ATHENS,Switzerland,Europe
46,EGY Egypt,1,1,3,5,2004,ATHENS,Egypt,Africa
47,INA Indonesia,1,1,2,4,2004,ATHENS,Indonesia,Asia
48,ZIM Zimbabwe,1,1,1,3,2004,ATHENS,Zimbabwe,Africa
49,AZE Azerbaijan,1,0,4,5,2004,ATHENS,Azerbaijan,Asia
50,BEL Belgium,1,0,2,3,2004,ATHENS,Belgium,Europe
51,ISR Israel,1,0,1,2,2004,ATHENS,Israel,Asia
52,BAH Bahamas,1,0,1,2,2004,ATHENS,Bahamas,North America
53,CMR Cameroon,1,0,0,1,2004,ATHENS,Cameroon,Africa
54,DOM Dominican Republic,1,0,0,1,2004,ATHENS,Dominican Republic,North America
55,UAE United Arab Emirates,1,0,0,1,2004,ATHENS,United Arab Emirates,Asia
56,PRK Democratic People's Republic of Korea,0,4,1,5,2004,ATHENS,Democratic People's Republic of Korea,Asia
57,LAT Latvia,0,4,0,4,2004,ATHENS,Latvia,Europe
58,MEX Mexico,0,3,1,4,2004,ATHENS,Mexico,North America
59,POR Portugal,0,2,1,3,2004,ATHENS,Portugal,Europe
60,FIN Finland,0,2,0,2,2004,ATHENS,Finland,Europe
61,SCG Serbia and Montenegro,0,2,0,2,2004,ATHENS,Serbia and Montenegro,Not Available
62,SLO Slovenia,0,1,3,4,2004,ATHENS,Slovenia,Europe
63,EST Estonia,0,1,2,3,2004,ATHENS,Estonia,Europe
64,IND India,0,1,0,1,2004,ATHENS,India,Asia
65,"HKG Hong Kong, China",0,1,0,1,2004,ATHENS,"Hong Kong, China",Asia
66,PAR Paraguay,0,1,0,1,2004,ATHENS,Paraguay,South America
67,COL Colombia,0,0,2,2,2004,ATHENS,Colombia,South America
68,VEN Venezuela,0,0,2,2,2004,ATHENS,Venezuela,South America
69,NGR Nigeria,0,0,2,2,2004,ATHENS,Nigeria,Africa
70,ERI Eritrea,0,0,1,1,2004,ATHENS,Eritrea,Africa
71,MGL Mongolia,0,0,1,1,2004,ATHENS,Mongolia,Asia
72,TTO Trinidad and Tobago,0,0,1,1,2004,ATHENS,Trinidad and Tobago,North America
73,SYR Syrian Arab Republic,0,0,1,1,2004,ATHENS,Syrian Arab Republic,Asia
0,USA United States of America,37,24,32,93,2000,SYDNEY,United States of America,North America
1,RUS Russian Federation,32,28,29,89,2000,SYDNEY,Russian Federation,Europe
2,CHN People's Republic of China,28,16,14,58,2000,SYDNEY,People's Republic of China,Asia
3,AUS Australia,16,25,17,58,2000,SYDNEY,Australia,Australia
4,GER Germany,13,17,26,56,2000,SYDNEY,Germany,Europe
5,FRA France,13,14,11,38,2000,SYDNEY,France,Europe
6,ITA Italy,13,8,13,34,2000,SYDNEY,Italy,Europe
7,NED Netherlands,12,9,4,25,2000,SYDNEY,Netherlands,Europe
8,CUB Cuba,11,11,7,29,2000,SYDNEY,Cuba,North America
9,GBR Great Britain,11,10,7,28,2000,SYDNEY,Great Britain,Europe
10,ROU Romania,11,6,9,26,2000,SYDNEY,Romania,Europe
11,KOR Republic of Korea,8,10,10,28,2000,SYDNEY,Republic of Korea,Asia
12,HUN Hungary,8,6,3,17,2000,SYDNEY,Hungary,Europe
13,POL Poland,6,5,3,14,2000,SYDNEY,Poland,Europe
14,JPN Japan,5,8,5,18,2000,SYDNEY,Japan,Asia
15,BUL Bulgaria,5,6,2,13,2000,SYDNEY,Bulgaria,Europe
16,GRE Greece,4,6,3,13,2000,SYDNEY,Greece,Europe
17,SWE Sweden,4,5,3,12,2000,SYDNEY,Sweden,Europe
18,NOR Norway,4,3,3,10,2000,SYDNEY,Norway,Europe
19,ETH Ethiopia,4,1,3,8,2000,SYDNEY,Ethiopia,Africa
20,UKR Ukraine,3,10,10,23,2000,SYDNEY,Ukraine,Europe
21,KAZ Kazakhstan,3,4,0,7,2000,SYDNEY,Kazakhstan,Asia
22,BLR Belarus,3,3,11,17,2000,SYDNEY,Belarus,Europe
23,CAN Canada,3,3,8,14,2000,SYDNEY,Canada,North America
24,ESP Spain,3,3,5,11,2000,SYDNEY,Spain,Europe
25,TUR Turkey,3,0,2,5,2000,SYDNEY,Turkey,Asia
26,IRI Islamic Republic of Iran,3,0,1,4,2000,SYDNEY,Islamic Republic of Iran,Asia
27,CZE Czech Republic,2,3,3,8,2000,SYDNEY,Czech Republic,Europe
28,KEN Kenya,2,3,2,7,2000,SYDNEY,Kenya,Africa
29,DEN Denmark,2,3,1,6,2000,SYDNEY,Denmark,Europe
30,FIN Finland,2,1,1,4,2000,SYDNEY,Finland,Europe
31,AUT Austria,2,1,0,3,2000,SYDNEY,Austria,Europe
32,LTU Lithuania,2,0,3,5,2000,SYDNEY,Lithuania,Europe
33,AZE Azerbaijan,2,0,1,3,2000,SYDNEY,Azerbaijan,Asia
34,BAH Bahamas,2,0,1,3,2000,SYDNEY,Bahamas,North America
35,SLO Slovenia,2,0,0,2,2000,SYDNEY,Slovenia,Europe
36,SUI Switzerland,1,6,2,9,2000,SYDNEY,Switzerland,Europe
37,INA Indonesia,1,3,2,6,2000,SYDNEY,Indonesia,Asia
38,SVK Slovakia,1,3,1,5,2000,SYDNEY,Slovakia,Europe
39,MEX Mexico,1,2,3,6,2000,SYDNEY,Mexico,North America
40,NGR Nigeria,1,2,0,3,2000,SYDNEY,Nigeria,Africa
41,ALG Algeria,1,1,3,5,2000,SYDNEY,Algeria,Africa
42,UZB Uzbekistan,1,1,2,4,2000,SYDNEY,Uzbekistan,Asia
43,LAT Latvia,1,1,1,3,2000,SYDNEY,Latvia,Europe
44,SCG Serbia and Montenegro,1,1,1,3,2000,SYDNEY,Serbia and Montenegro,Not Available
45,NZL New Zealand,1,0,3,4,2000,SYDNEY,New Zealand,Australia
46,EST Estonia,1,0,2,3,2000,SYDNEY,Estonia,Europe
47,THA Thailand,1,0,2,3,2000,SYDNEY,Thailand,Asia
48,CRO Croatia,1,0,1,2,2000,SYDNEY,Croatia,Europe
49,COL Colombia,1,0,0,1,2000,SYDNEY,Colombia,South America
50,CMR Cameroon,1,0,0,1,2000,SYDNEY,Cameroon,Africa
51,MOZ Mozambique,1,0,0,1,2000,SYDNEY,Mozambique,Africa
52,BRA Brazil,0,6,6,12,2000,SYDNEY,Brazil,South America
53,JAM Jamaica,0,6,3,9,2000,SYDNEY,Jamaica,North America
54,BEL Belgium,0,2,3,5,2000,SYDNEY,Belgium,Europe
55,RSA South Africa,0,2,3,5,2000,SYDNEY,South Africa,Africa
56,ARG Argentina,0,2,2,4,2000,SYDNEY,Argentina,South America
57,TPE Chinese Taipei,0,1,4,5,2000,SYDNEY,Chinese Taipei,Asia
58,MAR Morocco,0,1,4,5,2000,SYDNEY,Morocco,Africa
59,PRK Democratic People's Republic of Korea,0,1,3,4,2000,SYDNEY,Democratic People's Republic of Korea,Asia
60,KSA Saudi Arabia,0,1,1,2,2000,SYDNEY,Saudi Arabia,Asia
61,MDA Republic of Moldova,0,1,1,2,2000,SYDNEY,Republic of Moldova,Europe
62,TTO Trinidad and Tobago,0,1,1,2,2000,SYDNEY,Trinidad and Tobago,North America
63,IRL Ireland,0,1,0,1,2000,SYDNEY,Ireland,Europe
64,SRI Sri Lanka,0,1,0,1,2000,SYDNEY,Sri Lanka,Asia
65,URU Uruguay,0,1,0,1,2000,SYDNEY,Uruguay,South America
66,VIE Vietnam,0,1,0,1,2000,SYDNEY,Vietnam,Asia
67,GEO Georgia,0,0,6,6,2000,SYDNEY,Georgia,Asia
68,POR Portugal,0,0,2,2,2000,SYDNEY,Portugal,Europe
69,CRC Costa Rica,0,0,2,2,2000,SYDNEY,Costa Rica,North America
70,CHI Chile,0,0,1,1,2000,SYDNEY,Chile,South America
71,ISL Iceland,0,0,1,1,2000,SYDNEY,Iceland,Europe
72,IND India,0,0,1,1,2000,SYDNEY,India,Asia
73,ISR Israel,0,0,1,1,2000,SYDNEY,Israel,Asia
74,KUW Kuwait,0,0,1,1,2000,SYDNEY,Kuwait,Asia
75,ARM Armenia,0,0,1,1,2000,SYDNEY,Armenia,Asia
76,BAR Barbados,0,0,1,1,2000,SYDNEY,Barbados,North America
77,KGZ Kyrgyzstan,0,0,1,1,2000,SYDNEY,Kyrgyzstan,Asia
78,QAT Qatar,0,0,1,1,2000,SYDNEY,Qatar,Asia
79,MKD North Macedonia,0,0,1,1,2000,SYDNEY,North Macedonia,Europe
0,USA United States of America,44,32,25,101,1996,ATLANTA,United States of America,North America
1,RUS Russian Federation,26,21,16,63,1996,ATLANTA,Russian Federation,Europe
2,GER Germany,20,18,27,65,1996,ATLANTA,Germany,Europe
3,CHN People's Republic of China,16,22,12,50,1996,ATLANTA,People's Republic of China,Asia
4,FRA France,15,7,15,37,1996,ATLANTA,France,Europe
5,ITA Italy,13,10,12,35,1996,ATLANTA,Italy,Europe
6,AUS Australia,9,9,23,41,1996,ATLANTA,Australia,Australia
7,CUB Cuba,9,8,8,25,1996,ATLANTA,Cuba,North America
8,UKR Ukraine,9,2,12,23,1996,ATLANTA,Ukraine,Europe
9,KOR Republic of Korea,7,15,5,27,1996,ATLANTA,Republic of Korea,Asia
10,POL Poland,7,5,5,17,1996,ATLANTA,Poland,Europe
11,HUN Hungary,7,4,10,21,1996,ATLANTA,Hungary,Europe
12,ESP Spain,5,6,6,17,1996,ATLANTA,Spain,Europe
13,ROU Romania,4,7,9,20,1996,ATLANTA,Romania,Europe
14,NED Netherlands,4,5,10,19,1996,ATLANTA,Netherlands,Europe
15,GRE Greece,4,4,0,8,1996,ATLANTA,Greece,Europe
16,CZE Czech Republic,4,3,4,11,1996,ATLANTA,Czech Republic,Europe
17,SUI Switzerland,4,3,0,7,1996,ATLANTA,Switzerland,Europe
18,DEN Denmark,4,1,1,6,1996,ATLANTA,Denmark,Europe
19,TUR Turkey,4,1,1,6,1996,ATLANTA,Turkey,Asia
20,CAN Canada,3,11,8,22,1996,ATLANTA,Canada,North America
21,BUL Bulgaria,3,7,5,15,1996,ATLANTA,Bulgaria,Europe
22,JPN Japan,3,6,5,14,1996,ATLANTA,Japan,Asia
23,KAZ Kazakhstan,3,4,4,11,1996,ATLANTA,Kazakhstan,Asia
24,BRA Brazil,3,3,9,15,1996,ATLANTA,Brazil,South America
25,NZL New Zealand,3,2,1,6,1996,ATLANTA,New Zealand,Australia
26,RSA South Africa,3,1,1,5,1996,ATLANTA,South Africa,Africa
27,IRL Ireland,3,0,1,4,1996,ATLANTA,Ireland,Europe
28,SWE Sweden,2,4,2,8,1996,ATLANTA,Sweden,Europe
29,NOR Norway,2,2,3,7,1996,ATLANTA,Norway,Europe
30,BEL Belgium,2,2,2,6,1996,ATLANTA,Belgium,Europe
31,NGR Nigeria,2,1,3,6,1996,ATLANTA,Nigeria,Africa
32,PRK Democratic People's Republic of Korea,2,1,2,5,1996,ATLANTA,Democratic People's Republic of Korea,Asia
33,ALG Algeria,2,0,1,3,1996,ATLANTA,Algeria,Africa
34,ETH Ethiopia,2,0,1,3,1996,ATLANTA,Ethiopia,Africa
35,GBR Great Britain,1,8,6,15,1996,ATLANTA,Great Britain,Europe
36,BLR Belarus,1,6,8,15,1996,ATLANTA,Belarus,Europe
37,KEN Kenya,1,4,3,8,1996,ATLANTA,Kenya,Africa
38,JAM Jamaica,1,3,2,6,1996,ATLANTA,Jamaica,North America
39,FIN Finland,1,2,1,4,1996,ATLANTA,Finland,Europe
40,SCG Serbia and Montenegro,1,1,2,4,1996,ATLANTA,Serbia and Montenegro,Not Available
41,INA Indonesia,1,1,2,4,1996,ATLANTA,Indonesia,Asia
42,SVK Slovakia,1,1,1,3,1996,ATLANTA,Slovakia,Europe
43,IRI Islamic Republic of Iran,1,1,1,3,1996,ATLANTA,Islamic Republic of Iran,Asia
44,ARM Armenia,1,1,0,2,1996,ATLANTA,Armenia,Asia
45,CRO Croatia,1,1,0,2,1996,ATLANTA,Croatia,Europe
46,THA Thailand,1,0,1,2,1996,ATLANTA,Thailand,Asia
47,POR Portugal,1,0,1,2,1996,ATLANTA,Portugal,Europe
48,BDI Burundi,1,0,0,1,1996,ATLANTA,Burundi,Africa
49,SYR Syrian Arab Republic,1,0,0,1,1996,ATLANTA,Syrian Arab Republic,Asia
50,ECU Ecuador,1,0,0,1,1996,ATLANTA,Ecuador,South America
51,"HKG Hong Kong, China",1,0,0,1,1996,ATLANTA,"Hong Kong, China",Asia
52,CRC Costa Rica,1,0,0,1,1996,ATLANTA,Costa Rica,North America
53,ARG Argentina,0,2,1,3,1996,ATLANTA,Argentina,South America
54,SLO Slovenia,0,2,0,2,1996,ATLANTA,Slovenia,Europe
55,NAM Namibia,0,2,0,2,1996,ATLANTA,Namibia,Africa
56,AUT Austria,0,1,2,3,1996,ATLANTA,Austria,Europe
57,MAS Malaysia,0,1,1,2,1996,ATLANTA,Malaysia,Asia
58,MDA Republic of Moldova,0,1,1,2,1996,ATLANTA,Republic of Moldova,Europe
59,UZB Uzbekistan,0,1,1,2,1996,ATLANTA,Uzbekistan,Asia
60,BAH Bahamas,0,1,0,1,1996,ATLANTA,Bahamas,North America
61,TPE Chinese Taipei,0,1,0,1,1996,ATLANTA,Chinese Taipei,Asia
62,ZAM Zambia,0,1,0,1,1996,ATLANTA,Zambia,Africa
63,TGA Tonga,0,1,0,1,1996,ATLANTA,Tonga,Australia
64,LAT Latvia,0,1,0,1,1996,ATLANTA,Latvia,Europe
65,PHI Philippines,0,1,0,1,1996,ATLANTA,Philippines,Asia
66,AZE Azerbaijan,0,1,0,1,1996,ATLANTA,Azerbaijan,Asia
67,GEO Georgia,0,0,2,2,1996,ATLANTA,Georgia,Asia
68,TTO Trinidad and Tobago,0,0,2,2,1996,ATLANTA,Trinidad and Tobago,North America
69,MAR Morocco,0,0,2,2,1996,ATLANTA,Morocco,Africa
70,MEX Mexico,0,0,1,1,1996,ATLANTA,Mexico,North America
71,MOZ Mozambique,0,0,1,1,1996,ATLANTA,Mozambique,Africa
72,MGL Mongolia,0,0,1,1,1996,ATLANTA,Mongolia,Asia
73,TUN Tunisia,0,0,1,1,1996,ATLANTA,Tunisia,Africa
74,IND India,0,0,1,1,1996,ATLANTA,India,Asia
75,UGA Uganda,0,0,1,1,1996,ATLANTA,Uganda,Africa
76,LTU Lithuania,0,0,1,1,1996,ATLANTA,Lithuania,Europe
77,ISR Israel,0,0,1,1,1996,ATLANTA,Israel,Asia
78,PUR Puerto Rico,0,0,1,1,1996,ATLANTA,Puerto Rico,North America
0,EUN Unified Team,45,38,29,112,1992,BARCELONA,Unified Team,Not Available
1,USA United States of America,37,34,37,108,1992,BARCELONA,United States of America,North America
2,GER Germany,33,21,28,82,1992,BARCELONA,Germany,Europe
3,CHN People's Republic of China,16,22,16,54,1992,BARCELONA,People's Republic of China,Asia
4,CUB Cuba,14,6,11,31,1992,BARCELONA,Cuba,North America
5,ESP Spain,13,7,2,22,1992,BARCELONA,Spain,Europe
6,KOR Republic of Korea,12,5,12,29,1992,BARCELONA,Republic of Korea,Asia
7,HUN Hungary,11,12,7,30,1992,BARCELONA,Hungary,Europe
8,FRA France,8,5,16,29,1992,BARCELONA,France,Europe
9,AUS Australia,7,9,11,27,1992,BARCELONA,Australia,Australia
10,CAN Canada,7,4,7,18,1992,BARCELONA,Canada,North America
11,ITA Italy,6,5,8,19,1992,BARCELONA,Italy,Europe
12,GBR Great Britain,5,3,12,20,1992,BARCELONA,Great Britain,Europe
13,ROU Romania,4,6,8,18,1992,BARCELONA,Romania,Europe
14,TCH Czechoslovakia,4,2,1,7,1992,BARCELONA,Czechoslovakia,Not Available
15,PRK Democratic People's Republic of Korea,4,0,5,9,1992,BARCELONA,Democratic People's Republic of Korea,Asia
16,JPN Japan,3,8,11,22,1992,BARCELONA,Japan,Asia
17,BUL Bulgaria,3,7,6,16,1992,BARCELONA,Bulgaria,Europe
18,POL Poland,3,6,10,19,1992,BARCELONA,Poland,Europe
19,NED Netherlands,2,6,7,15,1992,BARCELONA,Netherlands,Europe
20,KEN Kenya,2,4,2,8,1992,BARCELONA,Kenya,Africa
21,NOR Norway,2,4,1,7,1992,BARCELONA,Norway,Europe
22,TUR Turkey,2,2,2,6,1992,BARCELONA,Turkey,Asia
23,INA Indonesia,2,2,1,5,1992,BARCELONA,Indonesia,Asia
24,BRA Brazil,2,1,0,3,1992,BARCELONA,Brazil,South America
25,GRE Greece,2,0,0,2,1992,BARCELONA,Greece,Europe
26,SWE Sweden,1,7,4,12,1992,BARCELONA,Sweden,Europe
27,NZL New Zealand,1,4,5,10,1992,BARCELONA,New Zealand,Australia
28,FIN Finland,1,2,2,5,1992,BARCELONA,Finland,Europe
29,DEN Denmark,1,1,4,6,1992,BARCELONA,Denmark,Europe
30,MAR Morocco,1,1,1,3,1992,BARCELONA,Morocco,Africa
31,IRL Ireland,1,1,0,2,1992,BARCELONA,Ireland,Europe
32,ETH Ethiopia,1,0,2,3,1992,BARCELONA,Ethiopia,Africa
33,ALG Algeria,1,0,1,2,1992,BARCELONA,Algeria,Africa
34,EST Estonia,1,0,1,2,1992,BARCELONA,Estonia,Europe
35,LTU Lithuania,1,0,1,2,1992,BARCELONA,Lithuania,Europe
36,SUI Switzerland,1,0,0,1,1992,BARCELONA,Switzerland,Europe
37,JAM Jamaica,0,3,1,4,1992,BARCELONA,Jamaica,North America
38,NGR Nigeria,0,3,1,4,1992,BARCELONA,Nigeria,Africa
39,LAT Latvia,0,2,1,3,1992,BARCELONA,Latvia,Europe
40,RSA South Africa,0,2,0,2,1992,BARCELONA,South Africa,Africa
41,AUT Austria,0,2,0,2,1992,BARCELONA,Austria,Europe
42,NAM Namibia,0,2,0,2,1992,BARCELONA,Namibia,Africa
43,BEL Belgium,0,1,2,3,1992,BARCELONA,Belgium,Europe
44,IOA Independent Olympic Athletes,0,1,2,3,1992,BARCELONA,Independent Olympic Athletes,Not Available
45,IRI Islamic Republic of Iran,0,1,2,3,1992,BARCELONA,Islamic Republic of Iran,Asia
46,CRO Croatia,0,1,2,3,1992,BARCELONA,Croatia,Europe
47,ISR Israel,0,1,1,2,1992,BARCELONA,Israel,Asia
48,TPE Chinese Taipei,0,1,0,1,1992,BARCELONA,Chinese Taipei,Asia
49,MEX Mexico,0,1,0,1,1992,BARCELONA,Mexico,North America
50,PER Peru,0,1,0,1,1992,BARCELONA,Peru,South America
51,MGL Mongolia,0,0,2,2,1992,BARCELONA,Mongolia,Asia
52,SLO Slovenia,0,0,2,2,1992,BARCELONA,Slovenia,Europe
53,BAH Bahamas,0,0,1,1,1992,BARCELONA,Bahamas,North America
54,ARG Argentina,0,0,1,1,1992,BARCELONA,Argentina,South America
55,PHI Philippines,0,0,1,1,1992,BARCELONA,Philippines,Asia
56,QAT Qatar,0,0,1,1,1992,BARCELONA,Qatar,Asia
57,COL Colombia,0,0,1,1,1992,BARCELONA,Colombia,South America
58,GHA Ghana,0,0,1,1,1992,BARCELONA,Ghana,Africa
59,PUR Puerto Rico,0,0,1,1,1992,BARCELONA,Puerto Rico,North America
60,MAS Malaysia,0,0,1,1,1992,BARCELONA,Malaysia,Asia
61,THA Thailand,0,0,1,1,1992,BARCELONA,Thailand,Asia
62,SUR Suriname,0,0,1,1,1992,BARCELONA,Suriname,South America
63,PAK Pakistan,0,0,1,1,1992,BARCELONA,Pakistan,Asia
0,URS Soviet Union,55,31,46,132,1988,SEOUL,Soviet Union,Not Available
1,GDR German Democratic Republic (Germany),37,35,30,102,1988,SEOUL,German Democratic Republic (Germany),Not Available
2,USA United States of America,36,31,27,94,1988,SEOUL,United States of America,North America
3,KOR Republic of Korea,12,10,11,33,1988,SEOUL,Republic of Korea,Asia
4,FRG Federal Republic of Germany,11,14,15,40,1988,SEOUL,Federal Republic of Germany,Europe
5,HUN Hungary,11,6,6,23,1988,SEOUL,Hungary,Europe
6,BUL Bulgaria,10,12,13,35,1988,SEOUL,Bulgaria,Europe
7,ROU Romania,7,11,6,24,1988,SEOUL,Romania,Europe
8,FRA France,6,4,6,16,1988,SEOUL,France,Europe
9,ITA Italy,6,4,4,14,1988,SEOUL,Italy,Europe
10,CHN People's Republic of China,5,11,12,28,1988,SEOUL,People's Republic of China,Asia
11,GBR Great Britain,5,10,9,24,1988,SEOUL,Great Britain,Europe
12,KEN Kenya,5,2,2,9,1988,SEOUL,Kenya,Africa
13,JPN Japan,4,3,7,14,1988,SEOUL,Japan,Asia
14,AUS Australia,3,6,5,14,1988,SEOUL,Australia,Australia
15,YUG Yugoslavia,3,4,5,12,1988,SEOUL,Yugoslavia,Not Available
16,TCH Czechoslovakia,3,3,2,8,1988,SEOUL,Czechoslovakia,Not Available
17,NZL New Zealand,3,2,8,13,1988,SEOUL,New Zealand,Australia
18,CAN Canada,3,2,5,10,1988,SEOUL,Canada,North America
19,POL Poland,2,5,9,16,1988,SEOUL,Poland,Europe
20,NOR Norway,2,3,0,5,1988,SEOUL,Norway,Europe
21,NED Netherlands,2,2,5,9,1988,SEOUL,Netherlands,Europe
22,DEN Denmark,2,1,1,4,1988,SEOUL,Denmark,Europe
23,BRA Brazil,1,2,3,6,1988,SEOUL,Brazil,South America
24,ESP Spain,1,1,2,4,1988,SEOUL,Spain,Europe
25,FIN Finland,1,1,2,4,1988,SEOUL,Finland,Europe
26,TUR Turkey,1,1,0,2,1988,SEOUL,Turkey,Asia
27,MAR Morocco,1,0,2,3,1988,SEOUL,Morocco,Africa
28,SUR Suriname,1,0,0,1,1988,SEOUL,Suriname,South America
29,POR Portugal,1,0,0,1,1988,SEOUL,Portugal,Europe
30,AUT Austria,1,0,0,1,1988,SEOUL,Austria,Europe
31,SWE Sweden,0,4,7,11,1988,SEOUL,Sweden,Europe
32,SUI Switzerland,0,2,2,4,1988,SEOUL,Switzerland,Europe
33,JAM Jamaica,0,2,0,2,1988,SEOUL,Jamaica,North America
34,ARG Argentina,0,1,1,2,1988,SEOUL,Argentina,South America
35,PER Peru,0,1,0,1,1988,SEOUL,Peru,South America
36,"ISV Virgin Islands, US",0,1,0,1,1988,SEOUL,"Virgin Islands, US",Not Available
37,SEN Senegal,0,1,0,1,1988,SEOUL,Senegal,Africa
38,INA Indonesia,0,1,0,1,1988,SEOUL,Indonesia,Asia
39,CRC Costa Rica,0,1,0,1,1988,SEOUL,Costa Rica,North America
40,IRI Islamic Republic of Iran,0,1,0,1,1988,SEOUL,Islamic Republic of Iran,Asia
41,AHO Netherlands Antilles,0,1,0,1,1988,SEOUL,Netherlands Antilles,Not Available
42,CHI Chile,0,1,0,1,1988,SEOUL,Chile,South America
43,MEX Mexico,0,0,2,2,1988,SEOUL,Mexico,North America
44,BEL Belgium,0,0,2,2,1988,SEOUL,Belgium,Europe
45,MGL Mongolia,0,0,1,1,1988,SEOUL,Mongolia,Asia
46,PHI Philippines,0,0,1,1,1988,SEOUL,Philippines,Asia
47,GRE Greece,0,0,1,1,1988,SEOUL,Greece,Europe
48,THA Thailand,0,0,1,1,1988,SEOUL,Thailand,Asia
49,COL Colombia,0,0,1,1,1988,SEOUL,Colombia,South America
50,DJI Djibouti,0,0,1,1,1988,SEOUL,Djibouti,Africa
51,PAK Pakistan,0,0,1,1,1988,SEOUL,Pakistan,Asia
0,USA United States of America,83,61,30,174,1984,LOSANGELES,United States of America,North America
1,ROU Romania,20,16,17,53,1984,LOSANGELES,Romania,Europe
2,FRG Federal Republic of Germany,17,19,23,59,1984,LOSANGELES,Federal Republic of Germany,Europe
3,CHN People's Republic of China,15,8,9,32,1984,LOSANGELES,People's Republic of China,Asia
4,ITA Italy,14,6,12,32,1984,LOSANGELES,Italy,Europe
5,CAN Canada,10,18,16,44,1984,LOSANGELES,Canada,North America
6,JPN Japan,10,8,14,32,1984,LOSANGELES,Japan,Asia
7,NZL New Zealand,8,1,2,11,1984,LOSANGELES,New Zealand,Australia
8,YUG Yugoslavia,7,4,7,18,1984,LOSANGELES,Yugoslavia,Not Available
9,KOR Republic of Korea,6,6,7,19,1984,LOSANGELES,Republic of Korea,Asia
10,GBR Great Britain,5,11,21,37,1984,LOSANGELES,Great Britain,Europe
11,FRA France,5,7,16,28,1984,LOSANGELES,France,Europe
12,NED Netherlands,5,2,6,13,1984,LOSANGELES,Netherlands,Europe
13,AUS Australia,4,8,12,24,1984,LOSANGELES,Australia,Australia
14,FIN Finland,4,2,6,12,1984,LOSANGELES,Finland,Europe
15,SWE Sweden,2,11,6,19,1984,LOSANGELES,Sweden,Europe
16,MEX Mexico,2,3,1,6,1984,LOSANGELES,Mexico,North America
17,MAR Morocco,2,0,0,2,1984,LOSANGELES,Morocco,Africa
18,BRA Brazil,1,5,2,8,1984,LOSANGELES,Brazil,South America
19,ESP Spain,1,2,2,5,1984,LOSANGELES,Spain,Europe
20,BEL Belgium,1,1,2,4,1984,LOSANGELES,Belgium,Europe
21,AUT Austria,1,1,1,3,1984,LOSANGELES,Austria,Europe
22,POR Portugal,1,0,2,3,1984,LOSANGELES,Portugal,Europe
23,KEN Kenya,1,0,2,3,1984,LOSANGELES,Kenya,Africa
24,PAK Pakistan,1,0,0,1,1984,LOSANGELES,Pakistan,Asia
25,SUI Switzerland,0,4,4,8,1984,LOSANGELES,Switzerland,Europe
26,DEN Denmark,0,3,3,6,1984,LOSANGELES,Denmark,Europe
27,NOR Norway,0,1,2,3,1984,LOSANGELES,Norway,Europe
28,JAM Jamaica,0,1,2,3,1984,LOSANGELES,Jamaica,North America
29,PUR Puerto Rico,0,1,1,2,1984,LOSANGELES,Puerto Rico,North America
30,GRE Greece,0,1,1,2,1984,LOSANGELES,Greece,Europe
31,NGR Nigeria,0,1,1,2,1984,LOSANGELES,Nigeria,Africa
32,EGY Egypt,0,1,0,1,1984,LOSANGELES,Egypt,Africa
33,THA Thailand,0,1,0,1,1984,LOSANGELES,Thailand,Asia
34,COL Colombia,0,1,0,1,1984,LOSANGELES,Colombia,South America
35,PER Peru,0,1,0,1,1984,LOSANGELES,Peru,South America
36,IRL Ireland,0,1,0,1,1984,LOSANGELES,Ireland,Europe
37,SYR Syrian Arab Republic,0,1,0,1,1984,LOSANGELES,Syrian Arab Republic,Asia
38,CIV Côte d'Ivoire,0,1,0,1,1984,LOSANGELES,Côte d'Ivoire,Africa
39,TUR Turkey,0,0,3,3,1984,LOSANGELES,Turkey,Asia
40,VEN Venezuela,0,0,3,3,1984,LOSANGELES,Venezuela,South America
41,ALG Algeria,0,0,2,2,1984,LOSANGELES,Algeria,Africa
42,ISL Iceland,0,0,1,1,1984,LOSANGELES,Iceland,Europe
43,TPE Chinese Taipei,0,0,1,1,1984,LOSANGELES,Chinese Taipei,Asia
44,DOM Dominican Republic,0,0,1,1,1984,LOSANGELES,Dominican Republic,North America
45,ZAM Zambia,0,0,1,1,1984,LOSANGELES,Zambia,Africa
46,CMR Cameroon,0,0,1,1,1984,LOSANGELES,Cameroon,Africa
0,URS Soviet Union,80,69,46,195,1980,MOSCOW,Soviet Union,Not Available
1,GDR German Democratic Republic (Germany),47,37,42,126,1980,MOSCOW,German Democratic Republic (Germany),Not Available
2,BUL Bulgaria,8,16,17,41,1980,MOSCOW,Bulgaria,Europe
3,CUB Cuba,8,7,5,20,1980,MOSCOW,Cuba,North America
4,ITA Italy,8,3,4,15,1980,MOSCOW,Italy,Europe
5,HUN Hungary,7,10,15,32,1980,MOSCOW,Hungary,Europe
6,ROU Romania,6,6,13,25,1980,MOSCOW,Romania,Europe
7,FRA France,6,5,3,14,1980,MOSCOW,France,Europe
8,GBR Great Britain,5,7,9,21,1980,MOSCOW,Great Britain,Europe
9,POL Poland,3,14,15,32,1980,MOSCOW,Poland,Europe
10,SWE Sweden,3,3,6,12,1980,MOSCOW,Sweden,Europe
11,FIN Finland,3,1,4,8,1980,MOSCOW,Finland,Europe
12,TCH Czechoslovakia,2,3,9,14,1980,MOSCOW,Czechoslovakia,Not Available
13,YUG Yugoslavia,2,3,4,9,1980,MOSCOW,Yugoslavia,Not Available
14,AUS Australia,2,2,5,9,1980,MOSCOW,Australia,Australia
15,DEN Denmark,2,1,2,5,1980,MOSCOW,Denmark,Europe
16,BRA Brazil,2,0,2,4,1980,MOSCOW,Brazil,South America
17,ETH Ethiopia,2,0,2,4,1980,MOSCOW,Ethiopia,Africa
18,SUI Switzerland,2,0,0,2,1980,MOSCOW,Switzerland,Europe
19,ESP Spain,1,3,2,6,1980,MOSCOW,Spain,Europe
20,AUT Austria,1,2,1,4,1980,MOSCOW,Austria,Europe
21,GRE Greece,1,0,2,3,1980,MOSCOW,Greece,Europe
22,ZIM Zimbabwe,1,0,0,1,1980,MOSCOW,Zimbabwe,Africa
23,IND India,1,0,0,1,1980,MOSCOW,India,Asia
24,BEL Belgium,1,0,0,1,1980,MOSCOW,Belgium,Europe
25,PRK Democratic People's Republic of Korea,0,3,2,5,1980,MOSCOW,Democratic People's Republic of Korea,Asia
26,MGL Mongolia,0,2,2,4,1980,MOSCOW,Mongolia,Asia
27,TAN United Republic of Tanzania,0,2,0,2,1980,MOSCOW,United Republic of Tanzania,Africa
28,MEX Mexico,0,1,3,4,1980,MOSCOW,Mexico,North America
29,NED Netherlands,0,1,2,3,1980,MOSCOW,Netherlands,Europe
30,IRL Ireland,0,1,1,2,1980,MOSCOW,Ireland,Europe
31,UGA Uganda,0,1,0,1,1980,MOSCOW,Uganda,Africa
32,VEN Venezuela,0,1,0,1,1980,MOSCOW,Venezuela,South America
33,JAM Jamaica,0,0,3,3,1980,MOSCOW,Jamaica,North America
34,GUY Guyana,0,0,1,1,1980,MOSCOW,Guyana,South America
35,LBN Lebanon,0,0,1,1,1980,MOSCOW,Lebanon,Asia
0,URS Soviet Union,49,41,35,125,1976,MONTREAL,Soviet Union,Not Available
1,GDR German Democratic Republic (Germany),40,25,25,90,1976,MONTREAL,German Democratic Republic (Germany),Not Available
2,USA United States of America,34,35,25,94,1976,MONTREAL,United States of America,North America
3,FRG Federal Republic of Germany,10,12,17,39,1976,MONTREAL,Federal Republic of Germany,Europe
4,JPN Japan,9,6,10,25,1976,MONTREAL,Japan,Asia
5,POL Poland,7,6,13,26,1976,MONTREAL,Poland,Europe
6,BUL Bulgaria,6,9,7,22,1976,MONTREAL,Bulgaria,Europe
7,CUB Cuba,6,4,3,13,1976,MONTREAL,Cuba,North America
8,ROU Romania,4,9,14,27,1976,MONTREAL,Romania,Europe
9,HUN Hungary,4,5,13,22,1976,MONTREAL,Hungary,Europe
10,FIN Finland,4,2,0,6,1976,MONTREAL,Finland,Europe
11,SWE Sweden,4,1,0,5,1976,MONTREAL,Sweden,Europe
12,GBR Great Britain,3,5,5,13,1976,MONTREAL,Great Britain,Europe
13,ITA Italy,2,7,4,13,1976,MONTREAL,Italy,Europe
14,FRA France,2,3,4,9,1976,MONTREAL,France,Europe
15,YUG Yugoslavia,2,3,3,8,1976,MONTREAL,Yugoslavia,Not Available
16,TCH Czechoslovakia,2,2,4,8,1976,MONTREAL,Czechoslovakia,Not Available
17,NZL New Zealand,2,1,1,4,1976,MONTREAL,New Zealand,Australia
18,KOR Republic of Korea,1,1,4,6,1976,MONTREAL,Republic of Korea,Asia
19,SUI Switzerland,1,1,2,4,1976,MONTREAL,Switzerland,Europe
20,NOR Norway,1,1,0,2,1976,MONTREAL,Norway,Europe
21,PRK Democratic People's Republic of Korea,1,1,0,2,1976,MONTREAL,Democratic People's Republic of Korea,Asia
22,JAM Jamaica,1,1,0,2,1976,MONTREAL,Jamaica,North America
23,DEN Denmark,1,0,2,3,1976,MONTREAL,Denmark,Europe
24,MEX Mexico,1,0,1,2,1976,MONTREAL,Mexico,North America
25,TTO Trinidad and Tobago,1,0,0,1,1976,MONTREAL,Trinidad and Tobago,North America
26,CAN Canada,0,5,6,11,1976,MONTREAL,Canada,North America
27,BEL Belgium,0,3,3,6,1976,MONTREAL,Belgium,Europe
28,NED Netherlands,0,2,3,5,1976,MONTREAL,Netherlands,Europe
29,POR Portugal,0,2,0,2,1976,MONTREAL,Portugal,Europe
30,ESP Spain,0,2,0,2,1976,MONTREAL,Spain,Europe
31,AUS Australia,0,1,4,5,1976,MONTREAL,Australia,Australia
32,IRI Islamic Republic of Iran,0,1,1,2,1976,MONTREAL,Islamic Republic of Iran,Asia
33,MGL Mongolia,0,1,0,1,1976,MONTREAL,Mongolia,Asia
34,VEN Venezuela,0,1,0,1,1976,MONTREAL,Venezuela,South America
35,BRA Brazil,0,0,2,2,1976,MONTREAL,Brazil,South America
36,PUR Puerto Rico,0,0,1,1,1976,MONTREAL,Puerto Rico,North America
37,BER Bermuda,0,0,1,1,1976,MONTREAL,Bermuda,North America
38,THA Thailand,0,0,1,1,1976,MONTREAL,Thailand,Asia
39,AUT Austria,0,0,1,1,1976,MONTREAL,Austria,Europe
40,PAK Pakistan,0,0,1,1,1976,MONTREAL,Pakistan,Asia
0,URS Soviet Union,50,27,22,99,1972,MUNICH,Soviet Union,Not Available
1,USA United States of America,33,31,30,94,1972,MUNICH,United States of America,North America
2,GDR German Democratic Republic (Germany),20,23,23,66,1972,MUNICH,German Democratic Republic (Germany),Not Available
3,FRG Federal Republic of Germany,13,11,16,40,1972,MUNICH,Federal Republic of Germany,Europe
4,JPN Japan,13,8,8,29,1972,MUNICH,Japan,Asia
5,AUS Australia,8,7,2,17,1972,MUNICH,Australia,Australia
6,POL Poland,7,5,9,21,1972,MUNICH,Poland,Europe
7,HUN Hungary,6,13,16,35,1972,MUNICH,Hungary,Europe
8,BUL Bulgaria,6,10,5,21,1972,MUNICH,Bulgaria,Europe
9,ITA Italy,5,3,10,18,1972,MUNICH,Italy,Europe
10,SWE Sweden,4,6,6,16,1972,MUNICH,Sweden,Europe
11,GBR Great Britain,4,5,9,18,1972,MUNICH,Great Britain,Europe
12,ROU Romania,3,6,7,16,1972,MUNICH,Romania,Europe
13,FIN Finland,3,1,4,8,1972,MUNICH,Finland,Europe
14,CUB Cuba,3,1,4,8,1972,MUNICH,Cuba,North America
15,NED Netherlands,3,1,1,5,1972,MUNICH,Netherlands,Europe
16,FRA France,2,4,7,13,1972,MUNICH,France,Europe
17,TCH Czechoslovakia,2,4,2,8,1972,MUNICH,Czechoslovakia,Not Available
18,KEN Kenya,2,3,4,9,1972,MUNICH,Kenya,Africa
19,YUG Yugoslavia,2,1,2,5,1972,MUNICH,Yugoslavia,Not Available
20,NOR Norway,2,1,1,4,1972,MUNICH,Norway,Europe
21,PRK Democratic People's Republic of Korea,1,1,3,5,1972,MUNICH,Democratic People's Republic of Korea,Asia
22,NZL New Zealand,1,1,1,3,1972,MUNICH,New Zealand,Australia
23,UGA Uganda,1,1,0,2,1972,MUNICH,Uganda,Africa
24,DEN Denmark,1,0,0,1,1972,MUNICH,Denmark,Europe
25,SUI Switzerland,0,3,0,3,1972,MUNICH,Switzerland,Europe
26,CAN Canada,0,2,3,5,1972,MUNICH,Canada,North America
27,IRI Islamic Republic of Iran,0,2,1,3,1972,MUNICH,Islamic Republic of Iran,Asia
28,BEL Belgium,0,2,0,2,1972,MUNICH,Belgium,Europe
29,GRE Greece,0,2,0,2,1972,MUNICH,Greece,Europe
30,COL Colombia,0,1,2,3,1972,MUNICH,Colombia,South America
31,AUT Austria,0,1,2,3,1972,MUNICH,Austria,Europe
32,PAK Pakistan,0,1,0,1,1972,MUNICH,Pakistan,Asia
33,LBN Lebanon,0,1,0,1,1972,MUNICH,Lebanon,Asia
34,TUR Turkey,0,1,0,1,1972,MUNICH,Turkey,Asia
35,KOR Republic of Korea,0,1,0,1,1972,MUNICH,Republic of Korea,Asia
36,MGL Mongolia,0,1,0,1,1972,MUNICH,Mongolia,Asia
37,ARG Argentina,0,1,0,1,1972,MUNICH,Argentina,South America
38,TUN Tunisia,0,1,0,1,1972,MUNICH,Tunisia,Africa
39,MEX Mexico,0,1,0,1,1972,MUNICH,Mexico,North America
40,BRA Brazil,0,0,2,2,1972,MUNICH,Brazil,South America
41,ETH Ethiopia,0,0,2,2,1972,MUNICH,Ethiopia,Africa
42,ESP Spain,0,0,1,1,1972,MUNICH,Spain,Europe
43,GHA Ghana,0,0,1,1,1972,MUNICH,Ghana,Africa
44,NGR Nigeria,0,0,1,1,1972,MUNICH,Nigeria,Africa
45,IND India,0,0,1,1,1972,MUNICH,India,Asia
46,NIG Niger,0,0,1,1,1972,MUNICH,Niger,Africa
47,JAM Jamaica,0,0,1,1,1972,MUNICH,Jamaica,North America
0,USA United States of America,45,28,34,107,1968,MEXICOCITY,United States of America,North America
1,URS Soviet Union,29,32,30,91,1968,MEXICOCITY,Soviet Union,Not Available
2,JPN Japan,11,7,7,25,1968,MEXICOCITY,Japan,Asia
3,HUN Hungary,10,10,12,32,1968,MEXICOCITY,Hungary,Europe
4,GDR German Democratic Republic (Germany),9,9,7,25,1968,MEXICOCITY,German Democratic Republic (Germany),Not Available
5,FRA France,7,3,5,15,1968,MEXICOCITY,France,Europe
6,TCH Czechoslovakia,7,2,4,13,1968,MEXICOCITY,Czechoslovakia,Not Available
7,FRG Federal Republic of Germany,5,11,10,26,1968,MEXICOCITY,Federal Republic of Germany,Europe
8,AUS Australia,5,7,5,17,1968,MEXICOCITY,Australia,Australia
9,GBR Great Britain,5,5,3,13,1968,MEXICOCITY,Great Britain,Europe
10,POL Poland,5,2,11,18,1968,MEXICOCITY,Poland,Europe
11,ROU Romania,4,6,5,15,1968,MEXICOCITY,Romania,Europe
12,ITA Italy,3,4,9,16,1968,MEXICOCITY,Italy,Europe
13,KEN Kenya,3,4,2,9,1968,MEXICOCITY,Kenya,Africa
14,MEX Mexico,3,3,3,9,1968,MEXICOCITY,Mexico,North America
15,YUG Yugoslavia,3,3,2,8,1968,MEXICOCITY,Yugoslavia,Not Available
16,NED Netherlands,3,3,1,7,1968,MEXICOCITY,Netherlands,Europe
17,BUL Bulgaria,2,4,3,9,1968,MEXICOCITY,Bulgaria,Europe
18,IRI Islamic Republic of Iran,2,1,2,5,1968,MEXICOCITY,Islamic Republic of Iran,Asia
19,SWE Sweden,2,1,1,4,1968,MEXICOCITY,Sweden,Europe
20,TUR Turkey,2,0,0,2,1968,MEXICOCITY,Turkey,Asia
21,DEN Denmark,1,4,3,8,1968,MEXICOCITY,Denmark,Europe
22,CAN Canada,1,3,1,5,1968,MEXICOCITY,Canada,North America
23,FIN Finland,1,2,1,4,1968,MEXICOCITY,Finland,Europe
24,NOR Norway,1,1,0,2,1968,MEXICOCITY,Norway,Europe
25,ETH Ethiopia,1,1,0,2,1968,MEXICOCITY,Ethiopia,Africa
26,NZL New Zealand,1,0,2,3,1968,MEXICOCITY,New Zealand,Australia
27,TUN Tunisia,1,0,1,2,1968,MEXICOCITY,Tunisia,Africa
28,PAK Pakistan,1,0,0,1,1968,MEXICOCITY,Pakistan,Asia
29,VEN Venezuela,1,0,0,1,1968,MEXICOCITY,Venezuela,South America
30,CUB Cuba,0,4,0,4,1968,MEXICOCITY,Cuba,North America
31,AUT Austria,0,2,2,4,1968,MEXICOCITY,Austria,Europe
32,SUI Switzerland,0,1,4,5,1968,MEXICOCITY,Switzerland,Europe
33,MGL Mongolia,0,1,3,4,1968,MEXICOCITY,Mongolia,Asia
34,BRA Brazil,0,1,2,3,1968,MEXICOCITY,Brazil,South America
35,BEL Belgium,0,1,1,2,1968,MEXICOCITY,Belgium,Europe
36,UGA Uganda,0,1,1,2,1968,MEXICOCITY,Uganda,Africa
37,KOR Republic of Korea,0,1,1,2,1968,MEXICOCITY,Republic of Korea,Asia
38,JAM Jamaica,0,1,0,1,1968,MEXICOCITY,Jamaica,North America
39,CMR Cameroon,0,1,0,1,1968,MEXICOCITY,Cameroon,Africa
40,ARG Argentina,0,0,2,2,1968,MEXICOCITY,Argentina,South America
41,TPE Chinese Taipei,0,0,1,1,1968,MEXICOCITY,Chinese Taipei,Asia
42,GRE Greece,0,0,1,1,1968,MEXICOCITY,Greece,Europe
43,IND India,0,0,1,1,1968,MEXICOCITY,India,Asia
0,USA United States of America,36,26,28,90,1964,TOKYO,United States of America,North America
1,URS Soviet Union,30,31,35,96,1964,TOKYO,Soviet Union,Not Available
2,JPN Japan,16,5,8,29,1964,TOKYO,Japan,Asia
3,GER Germany,10,22,18,50,1964,TOKYO,Germany,Europe
4,ITA Italy,10,10,7,27,1964,TOKYO,Italy,Europe
5,HUN Hungary,10,7,5,22,1964,TOKYO,Hungary,Europe
6,POL Poland,7,6,10,23,1964,TOKYO,Poland,Europe
7,AUS Australia,6,2,10,18,1964,TOKYO,Australia,Australia
8,TCH Czechoslovakia,5,6,3,14,1964,TOKYO,Czechoslovakia,Not Available
9,GBR Great Britain,4,12,2,18,1964,TOKYO,Great Britain,Europe
10,BUL Bulgaria,3,5,2,10,1964,TOKYO,Bulgaria,Europe
11,NZL New Zealand,3,0,2,5,1964,TOKYO,New Zealand,Australia
12,FIN Finland,3,0,2,5,1964,TOKYO,Finland,Europe
13,ROU Romania,2,4,6,12,1964,TOKYO,Romania,Europe
14,NED Netherlands,2,4,4,10,1964,TOKYO,Netherlands,Europe
15,TUR Turkey,2,3,1,6,1964,TOKYO,Turkey,Asia
16,SWE Sweden,2,2,4,8,1964,TOKYO,Sweden,Europe
17,DEN Denmark,2,1,3,6,1964,TOKYO,Denmark,Europe
18,YUG Yugoslavia,2,1,2,5,1964,TOKYO,Yugoslavia,Not Available
19,BEL Belgium,2,0,1,3,1964,TOKYO,Belgium,Europe
20,FRA France,1,8,6,15,1964,TOKYO,France,Europe
21,SUI Switzerland,1,2,1,4,1964,TOKYO,Switzerland,Europe
22,CAN Canada,1,2,1,4,1964,TOKYO,Canada,North America
23,ETH Ethiopia,1,0,0,1,1964,TOKYO,Ethiopia,Africa
24,IND India,1,0,0,1,1964,TOKYO,India,Asia
25,BAH Bahamas,1,0,0,1,1964,TOKYO,Bahamas,North America
26,KOR Republic of Korea,0,2,1,3,1964,TOKYO,Republic of Korea,Asia
27,TTO Trinidad and Tobago,0,1,2,3,1964,TOKYO,Trinidad and Tobago,North America
28,TUN Tunisia,0,1,1,2,1964,TOKYO,Tunisia,Africa
29,PHI Philippines,0,1,0,1,1964,TOKYO,Philippines,Asia
30,PAK Pakistan,0,1,0,1,1964,TOKYO,Pakistan,Asia
31,CUB Cuba,0,1,0,1,1964,TOKYO,Cuba,North America
32,ARG Argentina,0,1,0,1,1964,TOKYO,Argentina,South America
33,IRI Islamic Republic of Iran,0,0,2,2,1964,TOKYO,Islamic Republic of Iran,Asia
34,IRL Ireland,0,0,1,1,1964,TOKYO,Ireland,Europe
35,KEN Kenya,0,0,1,1,1964,TOKYO,Kenya,Africa
36,URU Uruguay,0,0,1,1,1964,TOKYO,Uruguay,South America
37,GHA Ghana,0,0,1,1,1964,TOKYO,Ghana,Africa
38,NGR Nigeria,0,0,1,1,1964,TOKYO,Nigeria,Africa
39,BRA Brazil,0,0,1,1,1964,TOKYO,Brazil,South America
40,MEX Mexico,0,0,1,1,1964,TOKYO,Mexico,North America
0,URS Soviet Union,43,29,31,103,1960,ROME,Soviet Union,Not Available
1,USA United States of America,34,21,16,71,1960,ROME,United States of America,North America
2,ITA Italy,13,10,13,36,1960,ROME,Italy,Europe
3,GER Germany,12,19,11,42,1960,ROME,Germany,Europe
4,AUS Australia,8,8,6,22,1960,ROME,Australia,Australia
5,TUR Turkey,7,2,0,9,1960,ROME,Turkey,Asia
6,HUN Hungary,6,8,7,21,1960,ROME,Hungary,Europe
7,JPN Japan,4,7,7,18,1960,ROME,Japan,Asia
8,POL Poland,4,6,11,21,1960,ROME,Poland,Europe
9,TCH Czechoslovakia,3,2,3,8,1960,ROME,Czechoslovakia,Not Available
10,ROU Romania,3,1,6,10,1960,ROME,Romania,Europe
11,GBR Great Britain,2,6,12,20,1960,ROME,Great Britain,Europe
12,DEN Denmark,2,3,1,6,1960,ROME,Denmark,Europe
13,NZL New Zealand,2,0,1,3,1960,ROME,New Zealand,Australia
14,BUL Bulgaria,1,3,3,7,1960,ROME,Bulgaria,Europe
15,SWE Sweden,1,2,3,6,1960,ROME,Sweden,Europe
16,FIN Finland,1,1,3,5,1960,ROME,Finland,Europe
17,YUG Yugoslavia,1,1,0,2,1960,ROME,Yugoslavia,Not Available
18,AUT Austria,1,1,0,2,1960,ROME,Austria,Europe
19,PAK Pakistan,1,0,1,2,1960,ROME,Pakistan,Asia
20,ETH Ethiopia,1,0,0,1,1960,ROME,Ethiopia,Africa
21,GRE Greece,1,0,0,1,1960,ROME,Greece,Europe
22,NOR Norway,1,0,0,1,1960,ROME,Norway,Europe
23,SUI Switzerland,0,3,3,6,1960,ROME,Switzerland,Europe
24,FRA France,0,2,3,5,1960,ROME,France,Europe
25,BEL Belgium,0,2,2,4,1960,ROME,Belgium,Europe
26,IRI Islamic Republic of Iran,0,1,3,4,1960,ROME,Islamic Republic of Iran,Asia
27,RSA South Africa,0,1,2,3,1960,ROME,South Africa,Africa
28,NED Netherlands,0,1,2,3,1960,ROME,Netherlands,Europe
29,ARG Argentina,0,1,1,2,1960,ROME,Argentina,South America
30,UAR United Arab Republic,0,1,1,2,1960,ROME,United Arab Republic,Not Available
31,GHA Ghana,0,1,0,1,1960,ROME,Ghana,Africa
32,IND India,0,1,0,1,1960,ROME,India,Asia
33,MAR Morocco,0,1,0,1,1960,ROME,Morocco,Africa
34,CAN Canada,0,1,0,1,1960,ROME,Canada,North America
35,TPE Chinese Taipei,0,1,0,1,1960,ROME,Chinese Taipei,Asia
36,POR Portugal,0,1,0,1,1960,ROME,Portugal,Europe
37,SGP Singapore,0,1,0,1,1960,ROME,Singapore,Asia
38,WIF West Indies Federation,0,0,2,2,1960,ROME,West Indies Federation,Not Available
39,BRA Brazil,0,0,2,2,1960,ROME,Brazil,South America
40,IRQ Iraq,0,0,1,1,1960,ROME,Iraq,Asia
41,VEN Venezuela,0,0,1,1,1960,ROME,Venezuela,South America
42,ESP Spain,0,0,1,1,1960,ROME,Spain,Europe
43,MEX Mexico,0,0,1,1,1960,ROME,Mexico,North America
0,URS Soviet Union,37,29,32,98,1956,MELBOURNE,Soviet Union,Not Available
1,USA United States of America,32,25,17,74,1956,MELBOURNE,United States of America,North America
2,AUS Australia,13,8,14,35,1956,MELBOURNE,Australia,Australia
3,HUN Hungary,9,10,7,26,1956,MELBOURNE,Hungary,Europe
4,ITA Italy,8,6,8,22,1956,MELBOURNE,Italy,Europe
5,GBR Great Britain,5,7,9,21,1956,MELBOURNE,Great Britain,Europe
6,SWE Sweden,5,5,6,16,1956,MELBOURNE,Sweden,Europe
7,ROU Romania,5,3,5,13,1956,MELBOURNE,Romania,Europe
8,GER Germany,4,10,6,20,1956,MELBOURNE,Germany,Europe
9,JPN Japan,4,10,5,19,1956,MELBOURNE,Japan,Asia
10,FRA France,4,4,6,14,1956,MELBOURNE,France,Europe
11,TUR Turkey,3,2,2,7,1956,MELBOURNE,Turkey,Asia
12,FIN Finland,3,1,11,15,1956,MELBOURNE,Finland,Europe
13,IRI Islamic Republic of Iran,2,2,1,5,1956,MELBOURNE,Islamic Republic of Iran,Asia
14,CAN Canada,2,1,2,5,1956,MELBOURNE,Canada,North America
15,NZL New Zealand,2,0,0,2,1956,MELBOURNE,New Zealand,Australia
16,POL Poland,1,4,4,9,1956,MELBOURNE,Poland,Europe
17,TCH Czechoslovakia,1,4,1,6,1956,MELBOURNE,Czechoslovakia,Not Available
18,BUL Bulgaria,1,3,1,5,1956,MELBOURNE,Bulgaria,Europe
19,IRL Ireland,1,1,3,5,1956,MELBOURNE,Ireland,Europe
20,DEN Denmark,1,1,1,3,1956,MELBOURNE,Denmark,Europe
21,NOR Norway,1,0,2,3,1956,MELBOURNE,Norway,Europe
22,MEX Mexico,1,0,1,2,1956,MELBOURNE,Mexico,North America
23,IND India,1,0,0,1,1956,MELBOURNE,India,Asia
24,BRA Brazil,1,0,0,1,1956,MELBOURNE,Brazil,South America
25,YUG Yugoslavia,0,3,0,3,1956,MELBOURNE,Yugoslavia,Not Available
26,CHI Chile,0,2,2,4,1956,MELBOURNE,Chile,South America
27,BEL Belgium,0,2,0,2,1956,MELBOURNE,Belgium,Europe
28,KOR Republic of Korea,0,1,1,2,1956,MELBOURNE,Republic of Korea,Asia
29,ARG Argentina,0,1,1,2,1956,MELBOURNE,Argentina,South America
30,ISL Iceland,0,1,0,1,1956,MELBOURNE,Iceland,Europe
31,PAK Pakistan,0,1,0,1,1956,MELBOURNE,Pakistan,Asia
32,RSA South Africa,0,0,4,4,1956,MELBOURNE,South Africa,Africa
33,AUT Austria,0,0,2,2,1956,MELBOURNE,Austria,Europe
34,BAH Bahamas,0,0,1,1,1956,MELBOURNE,Bahamas,North America
35,GRE Greece,0,0,1,1,1956,MELBOURNE,Greece,Europe
36,URU Uruguay,0,0,1,1,1956,MELBOURNE,Uruguay,South America
0,USA United States of America,40,19,17,76,1952,HELSINKI,United States of America,North America
1,URS Soviet Union,22,30,19,71,1952,HELSINKI,Soviet Union,Not Available
2,HUN Hungary,16,10,16,42,1952,HELSINKI,Hungary,Europe
3,SWE Sweden,12,13,10,35,1952,HELSINKI,Sweden,Europe
4,ITA Italy,8,9,4,21,1952,HELSINKI,Italy,Europe
5,TCH Czechoslovakia,7,3,3,13,1952,HELSINKI,Czechoslovakia,Not Available
6,FRA France,6,6,6,18,1952,HELSINKI,France,Europe
7,FIN Finland,6,3,13,22,1952,HELSINKI,Finland,Europe
8,AUS Australia,6,2,3,11,1952,HELSINKI,Australia,Australia
9,NOR Norway,3,2,0,5,1952,HELSINKI,Norway,Europe
10,SUI Switzerland,2,6,6,14,1952,HELSINKI,Switzerland,Europe
11,RSA South Africa,2,4,4,10,1952,HELSINKI,South Africa,Africa
12,JAM Jamaica,2,3,0,5,1952,HELSINKI,Jamaica,North America
13,BEL Belgium,2,2,0,4,1952,HELSINKI,Belgium,Europe
14,DEN Denmark,2,1,3,6,1952,HELSINKI,Denmark,Europe
15,TUR Turkey,2,0,1,3,1952,HELSINKI,Turkey,Asia
16,JPN Japan,1,6,2,9,1952,HELSINKI,Japan,Asia
17,GBR Great Britain,1,2,8,11,1952,HELSINKI,Great Britain,Europe
18,ARG Argentina,1,2,2,5,1952,HELSINKI,Argentina,South America
19,POL Poland,1,2,1,4,1952,HELSINKI,Poland,Europe
20,YUG Yugoslavia,1,2,0,3,1952,HELSINKI,Yugoslavia,Not Available
21,CAN Canada,1,2,0,3,1952,HELSINKI,Canada,North America
22,ROU Romania,1,1,2,4,1952,HELSINKI,Romania,Europe
23,BRA Brazil,1,0,2,3,1952,HELSINKI,Brazil,South America
24,NZL New Zealand,1,0,2,3,1952,HELSINKI,New Zealand,Australia
25,IND India,1,0,1,2,1952,HELSINKI,India,Asia
26,LUX Luxembourg,1,0,0,1,1952,HELSINKI,Luxembourg,Europe
27,GER Germany,0,7,17,24,1952,HELSINKI,Germany,Europe
28,NED Netherlands,0,5,0,5,1952,HELSINKI,Netherlands,Europe
29,IRI Islamic Republic of Iran,0,3,4,7,1952,HELSINKI,Islamic Republic of Iran,Asia
30,CHI Chile,0,2,0,2,1952,HELSINKI,Chile,South America
31,AUT Austria,0,1,1,2,1952,HELSINKI,Austria,Europe
32,LBN Lebanon,0,1,1,2,1952,HELSINKI,Lebanon,Asia
33,ESP Spain,0,1,0,1,1952,HELSINKI,Spain,Europe
34,MEX Mexico,0,1,0,1,1952,HELSINKI,Mexico,North America
35,IRL Ireland,0,1,0,1,1952,HELSINKI,Ireland,Europe
36,KOR Republic of Korea,0,0,2,2,1952,HELSINKI,Republic of Korea,Asia
37,TTO Trinidad and Tobago,0,0,2,2,1952,HELSINKI,Trinidad and Tobago,North America
38,URU Uruguay,0,0,2,2,1952,HELSINKI,Uruguay,South America
39,POR Portugal,0,0,1,1,1952,HELSINKI,Portugal,Europe
40,EGY Egypt,0,0,1,1,1952,HELSINKI,Egypt,Africa
41,BUL Bulgaria,0,0,1,1,1952,HELSINKI,Bulgaria,Europe
42,VEN Venezuela,0,0,1,1,1952,HELSINKI,Venezuela,South America
0,USA United States of America,38,27,19,84,1948,LONDON,United States of America,North America
1,SWE Sweden,17,11,18,46,1948,LONDON,Sweden,Europe
2,FRA France,11,6,15,32,1948,LONDON,France,Europe
3,FIN Finland,10,8,6,24,1948,LONDON,Finland,Europe
4,HUN Hungary,10,5,13,28,1948,LONDON,Hungary,Europe
5,ITA Italy,9,12,10,31,1948,LONDON,Italy,Europe
6,TUR Turkey,6,4,2,12,1948,LONDON,Turkey,Asia
7,TCH Czechoslovakia,6,2,3,11,1948,LONDON,Czechoslovakia,Not Available
8,SUI Switzerland,5,12,6,23,1948,LONDON,Switzerland,Europe
9,DEN Denmark,5,8,9,22,1948,LONDON,Denmark,Europe
10,NED Netherlands,5,2,9,16,1948,LONDON,Netherlands,Europe
11,GBR Great Britain,4,16,7,27,1948,LONDON,Great Britain,Europe
12,ARG Argentina,3,3,1,7,1948,LONDON,Argentina,South America
13,AUS Australia,2,6,5,13,1948,LONDON,Australia,Australia
14,AUT Austria,2,2,4,8,1948,LONDON,Austria,Europe
15,BEL Belgium,2,2,3,7,1948,LONDON,Belgium,Europe
16,RSA South Africa,2,2,2,6,1948,LONDON,South Africa,Africa
17,EGY Egypt,2,2,1,5,1948,LONDON,Egypt,Africa
18,MEX Mexico,2,1,2,5,1948,LONDON,Mexico,North America
19,NOR Norway,1,3,3,7,1948,LONDON,Norway,Europe
20,JAM Jamaica,1,2,0,3,1948,LONDON,Jamaica,North America
21,POL Poland,1,0,1,2,1948,LONDON,Poland,Europe
22,PER Peru,1,0,0,1,1948,LONDON,Peru,South America
23,IND India,1,0,0,1,1948,LONDON,India,Asia
24,CAN Canada,0,2,2,4,1948,LONDON,Canada,North America
25,YUG Yugoslavia,0,2,0,2,1948,LONDON,Yugoslavia,Not Available
26,POR Portugal,0,1,1,2,1948,LONDON,Portugal,Europe
27,URU Uruguay,0,1,1,2,1948,LONDON,Uruguay,South America
28,TTO Trinidad and Tobago,0,1,0,1,1948,LONDON,Trinidad and Tobago,North America
29,ESP Spain,0,1,0,1,1948,LONDON,Spain,Europe
30,SRI Sri Lanka,0,1,0,1,1948,LONDON,Sri Lanka,Asia
31,CUB Cuba,0,1,0,1,1948,LONDON,Cuba,North America
32,KOR Republic of Korea,0,0,2,2,1948,LONDON,Republic of Korea,Asia
33,PAN Panama,0,0,2,2,1948,LONDON,Panama,North America
34,BRA Brazil,0,0,1,1,1948,LONDON,Brazil,South America
35,IRI Islamic Republic of Iran,0,0,1,1,1948,LONDON,Islamic Republic of Iran,Asia
36,PUR Puerto Rico,0,0,1,1,1948,LONDON,Puerto Rico,North America
37,IRL Ireland,0,0,1,1,1948,LONDON,Ireland,Europe
0,GER Germany,38,31,32,101,1936,BERLIN,Germany,Europe
1,USA United States of America,24,21,12,57,1936,BERLIN,United States of America,North America
2,HUN Hungary,10,1,5,16,1936,BERLIN,Hungary,Europe
3,ITA Italy,9,13,5,27,1936,BERLIN,Italy,Europe
4,FIN Finland,8,6,6,20,1936,BERLIN,Finland,Europe
5,FRA France,7,6,6,19,1936,BERLIN,France,Europe
6,SWE Sweden,6,5,10,21,1936,BERLIN,Sweden,Europe
7,JPN Japan,6,4,10,20,1936,BERLIN,Japan,Asia
8,NED Netherlands,6,4,7,17,1936,BERLIN,Netherlands,Europe
9,AUT Austria,5,7,5,17,1936,BERLIN,Austria,Europe
10,SUI Switzerland,4,9,5,18,1936,BERLIN,Switzerland,Europe
11,GBR Great Britain,4,7,3,14,1936,BERLIN,Great Britain,Europe
12,TCH Czechoslovakia,3,5,1,9,1936,BERLIN,Czechoslovakia,Not Available
13,ARG Argentina,2,2,3,7,1936,BERLIN,Argentina,South America
14,EST Estonia,2,2,3,7,1936,BERLIN,Estonia,Europe
15,EGY Egypt,2,1,2,5,1936,BERLIN,Egypt,Africa
16,CAN Canada,1,3,5,9,1936,BERLIN,Canada,North America
17,NOR Norway,1,3,2,6,1936,BERLIN,Norway,Europe
18,TUR Turkey,1,0,1,2,1936,BERLIN,Turkey,Asia
19,NZL New Zealand,1,0,0,1,1936,BERLIN,New Zealand,Australia
20,IND India,1,0,0,1,1936,BERLIN,India,Asia
21,POL Poland,0,4,5,9,1936,BERLIN,Poland,Europe
22,DEN Denmark,0,2,3,5,1936,BERLIN,Denmark,Europe
23,LAT Latvia,0,1,1,2,1936,BERLIN,Latvia,Europe
24,ROU Romania,0,1,0,1,1936,BERLIN,Romania,Europe
25,RSA South Africa,0,1,0,1,1936,BERLIN,South Africa,Africa
26,YUG Yugoslavia,0,1,0,1,1936,BERLIN,Yugoslavia,Not Available
27,BEL Belgium,0,0,3,3,1936,BERLIN,Belgium,Europe
28,MEX Mexico,0,0,3,3,1936,BERLIN,Mexico,North America
29,POR Portugal,0,0,1,1,1936,BERLIN,Portugal,Europe
30,PHI Philippines,0,0,1,1,1936,BERLIN,Philippines,Asia
31,AUS Australia,0,0,1,1,1936,BERLIN,Australia,Australia
0,USA United States of America,44,36,30,110,1932,LOSANGELES,United States of America,North America
1,ITA Italy,12,12,12,36,1932,LOSANGELES,Italy,Europe
2,FRA France,11,5,4,20,1932,LOSANGELES,France,Europe
3,SWE Sweden,10,5,9,24,1932,LOSANGELES,Sweden,Europe
4,JPN Japan,7,7,4,18,1932,LOSANGELES,Japan,Asia
5,HUN Hungary,6,5,5,16,1932,LOSANGELES,Hungary,Europe
6,GER Germany,5,12,7,24,1932,LOSANGELES,Germany,Europe
7,FIN Finland,5,8,12,25,1932,LOSANGELES,Finland,Europe
8,GBR Great Britain,5,7,5,17,1932,LOSANGELES,Great Britain,Europe
9,POL Poland,3,2,4,9,1932,LOSANGELES,Poland,Europe
10,AUS Australia,3,1,1,5,1932,LOSANGELES,Australia,Australia
11,ARG Argentina,3,1,0,4,1932,LOSANGELES,Argentina,South America
12,CAN Canada,2,5,9,16,1932,LOSANGELES,Canada,North America
13,NED Netherlands,2,5,1,8,1932,LOSANGELES,Netherlands,Europe
14,RSA South Africa,2,0,3,5,1932,LOSANGELES,South Africa,Africa
15,IRL Ireland,2,0,0,2,1932,LOSANGELES,Ireland,Europe
16,TCH Czechoslovakia,1,3,2,6,1932,LOSANGELES,Czechoslovakia,Not Available
17,AUT Austria,1,1,3,5,1932,LOSANGELES,Austria,Europe
18,IND India,1,0,0,1,1932,LOSANGELES,India,Asia
19,DEN Denmark,0,5,3,8,1932,LOSANGELES,Denmark,Europe
20,MEX Mexico,0,2,0,2,1932,LOSANGELES,Mexico,North America
21,SUI Switzerland,0,1,0,1,1932,LOSANGELES,Switzerland,Europe
22,LAT Latvia,0,1,0,1,1932,LOSANGELES,Latvia,Europe
23,NZL New Zealand,0,1,0,1,1932,LOSANGELES,New Zealand,Australia
24,PHI Philippines,0,0,3,3,1932,LOSANGELES,Philippines,Asia
25,ESP Spain,0,0,1,1,1932,LOSANGELES,Spain,Europe
26,BEL Belgium,0,0,1,1,1932,LOSANGELES,Belgium,Europe
27,URU Uruguay,0,0,1,1,1932,LOSANGELES,Uruguay,South America
0,USA United States of America,22,18,16,56,1928,AMSTERDAM,United States of America,North America
1,GER Germany,11,9,19,39,1928,AMSTERDAM,Germany,Europe
2,NED Netherlands,8,10,5,23,1928,AMSTERDAM,Netherlands,Europe
3,FIN Finland,8,8,9,25,1928,AMSTERDAM,Finland,Europe
4,FRA France,7,12,6,25,1928,AMSTERDAM,France,Europe
5,SWE Sweden,7,6,12,25,1928,AMSTERDAM,Sweden,Europe
6,ITA Italy,7,6,7,20,1928,AMSTERDAM,Italy,Europe
7,SUI Switzerland,7,6,4,17,1928,AMSTERDAM,Switzerland,Europe
8,HUN Hungary,5,5,0,10,1928,AMSTERDAM,Hungary,Europe
9,GBR Great Britain,4,11,7,22,1928,AMSTERDAM,Great Britain,Europe
10,CAN Canada,4,4,7,15,1928,AMSTERDAM,Canada,North America
11,ARG Argentina,3,3,1,7,1928,AMSTERDAM,Argentina,South America
12,DEN Denmark,3,2,4,9,1928,AMSTERDAM,Denmark,Europe
13,AUT Austria,3,0,1,4,1928,AMSTERDAM,Austria,Europe
14,TCH Czechoslovakia,2,5,2,9,1928,AMSTERDAM,Czechoslovakia,Not Available
15,JPN Japan,2,2,1,5,1928,AMSTERDAM,Japan,Asia
16,POL Poland,2,1,4,7,1928,AMSTERDAM,Poland,Europe
17,EST Estonia,2,1,2,5,1928,AMSTERDAM,Estonia,Europe
18,EGY Egypt,2,1,1,4,1928,AMSTERDAM,Egypt,Africa
19,NOR Norway,1,2,1,4,1928,AMSTERDAM,Norway,Europe
20,AUS Australia,1,2,1,4,1928,AMSTERDAM,Australia,Australia
21,YUG Yugoslavia,1,1,3,5,1928,AMSTERDAM,Yugoslavia,Not Available
22,RSA South Africa,1,0,2,3,1928,AMSTERDAM,South Africa,Africa
23,URU Uruguay,1,0,0,1,1928,AMSTERDAM,Uruguay,South America
24,ESP Spain,1,0,0,1,1928,AMSTERDAM,Spain,Europe
25,IRL Ireland,1,0,0,1,1928,AMSTERDAM,Ireland,Europe
26,LUX Luxembourg,1,0,0,1,1928,AMSTERDAM,Luxembourg,Europe
27,IND India,1,0,0,1,1928,AMSTERDAM,India,Asia
28,NZL New Zealand,1,0,0,1,1928,AMSTERDAM,New Zealand,Australia
29,BEL Belgium,0,1,2,3,1928,AMSTERDAM,Belgium,Europe
30,CHI Chile,0,1,0,1,1928,AMSTERDAM,Chile,South America
31,HAI Haiti,0,1,0,1,1928,AMSTERDAM,Haiti,North America
32,PHI Philippines,0,0,1,1,1928,AMSTERDAM,Philippines,Asia
33,POR Portugal,0,0,1,1,1928,AMSTERDAM,Portugal,Europe
0,USA United States of America,45,27,27,99,1924,PARIS,United States of America,North America
1,FRA France,14,15,12,41,1924,PARIS,France,Europe
2,FIN Finland,14,13,10,37,1924,PARIS,Finland,Europe
3,GBR Great Britain,9,14,12,35,1924,PARIS,Great Britain,Europe
4,ITA Italy,8,3,5,16,1924,PARIS,Italy,Europe
5,SUI Switzerland,7,8,10,25,1924,PARIS,Switzerland,Europe
6,NOR Norway,5,2,3,10,1924,PARIS,Norway,Europe
7,SWE Sweden,4,13,12,29,1924,PARIS,Sweden,Europe
8,NED Netherlands,4,1,6,11,1924,PARIS,Netherlands,Europe
9,BEL Belgium,3,7,3,13,1924,PARIS,Belgium,Europe
10,AUS Australia,3,1,2,6,1924,PARIS,Australia,Australia
11,DEN Denmark,2,6,3,11,1924,PARIS,Denmark,Europe
12,HUN Hungary,2,4,4,10,1924,PARIS,Hungary,Europe
13,YUG Yugoslavia,2,0,0,2,1924,PARIS,Yugoslavia,Not Available
14,TCH Czechoslovakia,1,4,5,10,1924,PARIS,Czechoslovakia,Not Available
15,ARG Argentina,1,3,2,6,1924,PARIS,Argentina,South America
16,EST Estonia,1,1,4,6,1924,PARIS,Estonia,Europe
17,RSA South Africa,1,1,1,3,1924,PARIS,South Africa,Africa
18,LUX Luxembourg,1,1,0,2,1924,PARIS,Luxembourg,Europe
19,GRE Greece,1,0,0,1,1924,PARIS,Greece,Europe
20,URU Uruguay,1,0,0,1,1924,PARIS,Uruguay,South America
21,CAN Canada,0,3,1,4,1924,PARIS,Canada,North America
22,AUT Austria,0,3,1,4,1924,PARIS,Austria,Europe
23,IRL Ireland,0,1,1,2,1924,PARIS,Ireland,Europe
24,POL Poland,0,1,1,2,1924,PARIS,Poland,Europe
25,JPN Japan,0,0,1,1,1924,PARIS,Japan,Asia
26,HAI Haiti,0,0,1,1,1924,PARIS,Haiti,North America
27,MON Monaco,0,0,1,1,1924,PARIS,Monaco,Europe
28,POR Portugal,0,0,1,1,1924,PARIS,Portugal,Europe
29,ROU Romania,0,0,1,1,1924,PARIS,Romania,Europe
30,NZL New Zealand,0,0,1,1,1924,PARIS,New Zealand,Australia
0,USA United States of America,41,27,27,95,1920,ANTWERP,United States of America,North America
1,SWE Sweden,19,20,25,64,1920,ANTWERP,Sweden,Europe
2,BEL Belgium,16,12,14,42,1920,ANTWERP,Belgium,Europe
3,FIN Finland,15,10,9,34,1920,ANTWERP,Finland,Europe
4,GBR Great Britain,14,16,13,43,1920,ANTWERP,Great Britain,Europe
5,ITA Italy,14,6,5,25,1920,ANTWERP,Italy,Europe
6,NOR Norway,13,10,9,32,1920,ANTWERP,Norway,Europe
7,FRA France,9,20,13,42,1920,ANTWERP,France,Europe
8,NED Netherlands,4,2,5,11,1920,ANTWERP,Netherlands,Europe
9,DEN Denmark,3,9,1,13,1920,ANTWERP,Denmark,Europe
10,RSA South Africa,3,4,3,10,1920,ANTWERP,South Africa,Africa
11,CAN Canada,3,3,3,9,1920,ANTWERP,Canada,North America
12,SUI Switzerland,2,2,7,11,1920,ANTWERP,Switzerland,Europe
13,EST Estonia,1,2,0,3,1920,ANTWERP,Estonia,Europe
14,BRA Brazil,1,1,1,3,1920,ANTWERP,Brazil,South America
15,AUS Australia,0,2,1,3,1920,ANTWERP,Australia,Australia
16,ESP Spain,0,2,0,2,1920,ANTWERP,Spain,Europe
17,JPN Japan,0,2,0,2,1920,ANTWERP,Japan,Asia
18,GRE Greece,0,1,0,1,1920,ANTWERP,Greece,Europe
19,LUX Luxembourg,0,1,0,1,1920,ANTWERP,Luxembourg,Europe
20,TCH Czechoslovakia,0,0,2,2,1920,ANTWERP,Czechoslovakia,Not Available
21,NZL New Zealand,0,0,1,1,1920,ANTWERP,New Zealand,Australia
0,USA United States of America,26,19,19,64,1912,STOCKHOLM,United States of America,North America
1,SWE Sweden,24,24,17,65,1912,STOCKHOLM,Sweden,Europe
2,GBR Great Britain,10,15,16,41,1912,STOCKHOLM,Great Britain,Europe
3,FIN Finland,9,8,9,26,1912,STOCKHOLM,Finland,Europe
4,FRA France,7,5,3,15,1912,STOCKHOLM,France,Europe
5,GER Germany,6,13,7,26,1912,STOCKHOLM,Germany,Europe
6,ITA Italy,5,1,2,8,1912,STOCKHOLM,Italy,Europe
7,RSA South Africa,4,2,0,6,1912,STOCKHOLM,South Africa,Africa
8,NOR Norway,4,1,5,10,1912,STOCKHOLM,Norway,Europe
9,CAN Canada,3,2,3,8,1912,STOCKHOLM,Canada,North America
10,HUN Hungary,3,2,3,8,1912,STOCKHOLM,Hungary,Europe
11,ANZ Australasia,2,2,3,7,1912,STOCKHOLM,Australasia,Not Available
12,BEL Belgium,2,1,3,6,1912,STOCKHOLM,Belgium,Europe
13,DEN Denmark,1,6,5,12,1912,STOCKHOLM,Denmark,Europe
14,GRE Greece,1,0,1,2,1912,STOCKHOLM,Greece,Europe
15,SUI Switzerland,1,0,0,1,1912,STOCKHOLM,Switzerland,Europe
16,RUS Russian Federation,0,2,3,5,1912,STOCKHOLM,Russian Federation,Europe
17,AUT Austria,0,2,2,4,1912,STOCKHOLM,Austria,Europe
18,NED Netherlands,0,0,3,3,1912,STOCKHOLM,Netherlands,Europe
0,GBR Great Britain,56,51,39,146,1908,LONDON,Great Britain,Europe
1,USA United States of America,23,12,12,47,1908,LONDON,United States of America,North America
2,SWE Sweden,8,6,11,25,1908,LONDON,Sweden,Europe
3,FRA France,5,5,9,19,1908,LONDON,France,Europe
4,GER Germany,3,5,5,13,1908,LONDON,Germany,Europe
5,HUN Hungary,3,4,2,9,1908,LONDON,Hungary,Europe
6,CAN Canada,3,3,10,16,1908,LONDON,Canada,North America
7,NOR Norway,2,3,3,8,1908,LONDON,Norway,Europe
8,ITA Italy,2,2,0,4,1908,LONDON,Italy,Europe
9,BEL Belgium,1,5,2,8,1908,LONDON,Belgium,Europe
10,ANZ Australasia,1,2,2,5,1908,LONDON,Australasia,Not Available
11,RUS Russian Federation,1,2,0,3,1908,LONDON,Russian Federation,Europe
12,FIN Finland,1,1,3,5,1908,LONDON,Finland,Europe
13,RSA South Africa,1,1,0,2,1908,LONDON,South Africa,Africa
14,GRE Greece,0,3,1,4,1908,LONDON,Greece,Europe
15,DEN Denmark,0,2,3,5,1908,LONDON,Denmark,Europe
16,NED Netherlands,0,0,2,2,1908,LONDON,Netherlands,Europe
17,BOH Bohemia,0,0,2,2,1908,LONDON,Bohemia,Not Available
18,AUT Austria,0,0,1,1,1908,LONDON,Austria,Europe
0,USA United States of America,11,7,2,20,1896,ATHENS,United States of America,North America
1,GRE Greece,10,18,19,47,1896,ATHENS,Greece,Europe
2,GER Germany,6,5,2,13,1896,ATHENS,Germany,Europe
3,FRA France,5,4,2,11,1896,ATHENS,France,Europe
4,GBR Great Britain,2,3,2,7,1896,ATHENS,Great Britain,Europe
5,HUN Hungary,2,1,3,6,1896,ATHENS,Hungary,Europe
6,AUT Austria,2,1,2,5,1896,ATHENS,Austria,Europe
7,AUS Australia,2,0,0,2,1896,ATHENS,Australia,Australia
8,DEN Denmark,1,2,3,6,1896,ATHENS,Denmark,Europe
9,SUI Switzerland,1,2,0,3,1896,ATHENS,Switzerland,Europe
10,MIX MIX,1,0,1,2,1896,ATHENS,MIX,Not Available
